2026-05-24 10:39:33 [olibot.pipeline] INFO: ← msg='hola'  student=9  session=78  topic=trazo_linea_v
2026-05-24 10:39:36 [olibot.pipeline] INFO: → NLU: intent=greet  conf=1.00  entities={}
2026-05-24 10:39:36 [olibot.pipeline] INFO: → BDI: action=greet_and_propose  is_correct=None  next_topic=None
2026-05-24 10:39:36 [olibot.pipeline] INFO: → RESP (3.5s) shield=False  '¡Vamos! 👋'
2026-05-24 10:39:41 [olibot.pipeline] INFO: ← msg='qué vamos a hacer es'  student=9  session=78  topic=trazo_linea_v
2026-05-24 10:39:42 [olibot.pipeline] INFO: → NLU: intent=unknown  conf=0.50  entities={}
2026-05-24 10:39:42 [olibot.pipeline] INFO: → BDI: action=redirect  is_correct=None  next_topic=None
2026-05-24 10:39:42 [olibot.pipeline] INFO: → RESP (1.2s) shield=False  '¡Hacemos trazos azules! 🖌️'
2026-05-24 10:39:48 [olibot.pipeline] INFO: ← msg='qué es esto Pinto donde quiera'  student=9  session=78  topic=trazo_linea_v
2026-05-24 10:39:49 [olibot.pipeline] INFO: → NLU: intent=express_emotion  conf=0.90  entities={}
2026-05-24 10:39:49 [olibot.pipeline] INFO: → BDI: action=acknowledge_emotion  is_correct=None  next_topic=None
2026-05-24 10:39:49 [olibot.pipeline] INFO: → RESP (0.8s) shield=False  '¡Tú puedes! 💪'
2026-05-24 10:40:11 [olibot.pipeline] INFO: ← msg='ayuda'  student=9  session=78  topic=trazo_linea_v
2026-05-24 10:40:12 [olibot.pipeline] INFO: → NLU: intent=ask_for_hint  conf=0.80  entities={}
2026-05-24 10:40:12 [olibot.pipeline] INFO: → BDI: action=give_hint  is_correct=None  next_topic=None
2026-05-24 10:40:12 [olibot.pipeline] INFO: → RESP (0.9s) shield=False  '¡Empieza aquí! 👆'
2026-05-24 10:40:21 [olibot.pipeline] INFO: ← msg='no entiendo qué hay que hacer'  student=9  session=78  topic=trazo_linea_v
2026-05-24 10:40:21 [olibot.pipeline] INFO: → NLU: intent=unknown  conf=0.00  entities={}
2026-05-24 10:40:21 [olibot.pipeline] INFO: → BDI: action=redirect  is_correct=None  next_topic=None
2026-05-24 10:40:22 [olibot.pipeline] INFO: → RESP (1.2s) shield=False  'Mira a mí... 🤔'
2026-05-24 10:40:29 [olibot.pipeline] INFO: ← msg='no veo nada'  student=9  session=78  topic=trazo_linea_v
2026-05-24 10:40:30 [olibot.pipeline] INFO: → NLU: intent=express_emotion  conf=0.80  entities={}
2026-05-24 10:40:30 [olibot.pipeline] INFO: → BDI: action=acknowledge_emotion  is_correct=None  next_topic=None
2026-05-24 10:40:30 [olibot.pipeline] INFO: → RESP (0.9s) shield=False  '¡Bien! 💪'
2026-05-24 16:26:47 [olibot.pipeline] INFO: ← msg='hola'  student=9  session=79  topic=trazo_linea_v
2026-05-24 16:26:50 [olibot.pipeline] INFO: → NLU: intent=greet  conf=1.00  entities={}
2026-05-24 16:26:51 [olibot.pipeline] INFO: → BDI: action=greet_and_propose  is_correct=None  next_topic=None
2026-05-24 16:26:51 [olibot.pipeline] INFO: → RESP (3.8s) shield=False  '¡Bien! 🌟'
2026-05-24 16:46:45 [olibot.pipeline] INFO: ← msg='hola'  student=9  session=80  topic=trazo_linea_v
2026-05-24 16:46:49 [olibot.pipeline] INFO: → NLU: intent=greet  conf=1.00  entities={}
2026-05-24 16:46:49 [olibot.pipeline] INFO: → BDI: action=greet_and_propose  is_correct=None  next_topic=None
2026-05-24 16:46:49 [olibot.pipeline] INFO: → RESP (3.6s) shield=False  '¡Bien! 🌟'
2026-05-24 16:59:52 [olibot.pipeline] INFO: ← msg='hola'  student=10  session=81  topic=trazo_linea_h
2026-05-24 16:59:57 [olibot.pipeline] INFO: → NLU: intent=greet  conf=1.00  entities={}
2026-05-24 16:59:57 [olibot.pipeline] INFO: → BDI: action=greet_and_propose  is_correct=None  next_topic=None
2026-05-24 16:59:57 [olibot.pipeline] INFO: → RESP (4.9s) shield=False  '¡Bien! 🌟'
2026-05-24 17:00:14 [olibot.pipeline] INFO: ← msg='me puedes enseñar'  student=10  session=81  topic=trazo_linea_h
2026-05-24 17:00:16 [olibot.pipeline] INFO: → NLU: intent=request_specific_topic  conf=0.80  entities={'requested_topic_id': 'trazo_linea_h'}
2026-05-24 17:00:16 [olibot.pipeline] INFO: → BDI: action=accept_topic_change  is_correct=None  next_topic=trazo_linea_h
2026-05-24 17:00:16 [olibot.pipeline] INFO: → RESP (1.8s) shield=False  '¡Vamos a dibujar! 👍'
2026-05-24 17:00:24 [olibot.pipeline] INFO: ← msg='no sé cómo se hace'  student=10  session=81  topic=trazo_linea_h
2026-05-24 17:00:25 [olibot.pipeline] INFO: → NLU: intent=ask_for_answer  conf=1.00  entities={}
2026-05-24 17:00:25 [olibot.pipeline] INFO: → BDI: action=give_hint  is_correct=None  next_topic=None
2026-05-24 17:00:25 [olibot.pipeline] INFO: → RESP (1.3s) shield=True  '¡Hmm, qué buena pregunta! ¿Tú qué crees? 🤔'
2026-05-24 17:14:12 [olibot.pipeline] INFO: ← msg='hola'  student=10  session=82  topic=trazo_linea_h
2026-05-24 17:14:16 [olibot.pipeline] INFO: → NLU: intent=greet  conf=1.00  entities={}
2026-05-24 17:14:16 [olibot.pipeline] INFO: → BDI: action=greet_and_propose  is_correct=None  next_topic=None
2026-05-24 17:14:16 [olibot.pipeline] INFO: → RESP (4.6s) shield=False  '¡Genial! 🤖'
2026-05-24 17:16:50 [olibot.pipeline] INFO: ← msg='hola'  student=10  session=81  topic=trazo_linea_h
2026-05-24 17:16:51 [olibot.pipeline] INFO: → NLU: intent=greet  conf=1.00  entities={}
2026-05-24 17:16:51 [olibot.pipeline] INFO: → BDI: action=greet_and_propose  is_correct=None  next_topic=None
2026-05-24 17:16:51 [olibot.pipeline] INFO: → RESP (0.7s) shield=False  '¡Vamos! 👋'
2026-05-24 17:16:57 [olibot.pipeline] INFO: ← msg='vamos'  student=10  session=81  topic=trazo_linea_h
2026-05-24 17:16:58 [olibot.pipeline] INFO: → NLU: intent=unknown  conf=0.50  entities={}
2026-05-24 17:16:58 [olibot.pipeline] INFO: → BDI: action=redirect  is_correct=None  next_topic=None
2026-05-24 17:16:58 [olibot.pipeline] INFO: → RESP (1.3s) shield=False  '¿Qué vamos a hacer? 🎨'
2026-05-24 17:17:05 [olibot.pipeline] INFO: ← msg='pintar cómo hay que pintar'  student=10  session=81  topic=trazo_linea_h
2026-05-24 17:17:05 [olibot.pipeline] INFO: → NLU: intent=unknown  conf=0.00  entities={}
2026-05-24 17:17:05 [olibot.pipeline] INFO: → BDI: action=redirect  is_correct=None  next_topic=None
2026-05-24 17:17:06 [olibot.pipeline] INFO: → RESP (1.3s) shield=False  'Con trazos largos y sueltos 🌈'
2026-05-24 17:17:21 [olibot.pipeline] INFO: ← msg='He intentado trazar el trazo LINEA_H pero necesito practicar más (75%)'  student=10  session=81  topic=trazo_linea_h
2026-05-24 17:17:23 [olibot.pipeline] INFO: → NLU: intent=tracing_complete  conf=1.00  entities={'letter': 'LINEA_H', 'passed': False, 'score': 75}
2026-05-24 17:17:23 [olibot.pipeline] INFO: → BDI: action=redirect  is_correct=False  next_topic=None
2026-05-24 17:17:23 [olibot.pipeline] INFO: → RESP (1.2s) shield=False  '¡Tú puedes! 💪'
2026-05-24 17:28:48 [olibot.pipeline] INFO: ← msg='hola'  student=10  session=82  topic=trazo_linea_h
2026-05-24 17:28:48 [olibot.pipeline] INFO: ← msg='hola'  student=10  session=83  topic=trazo_linea_h
2026-05-24 17:28:52 [olibot.pipeline] INFO: → NLU: intent=greet  conf=1.00  entities={}
2026-05-24 17:28:52 [olibot.pipeline] INFO: → BDI: action=greet_and_propose  is_correct=None  next_topic=None
2026-05-24 17:28:52 [olibot.pipeline] INFO: → RESP (4.7s) shield=False  '¡Bien! 🌟'
2026-05-24 17:28:52 [olibot.pipeline] INFO: → NLU: intent=greet  conf=1.00  entities={}
2026-05-24 17:28:53 [olibot.pipeline] INFO: → BDI: action=greet_and_propose  is_correct=None  next_topic=None
2026-05-24 17:28:53 [olibot.pipeline] INFO: → RESP (4.9s) shield=False  '¡Genial! 🤖'
2026-05-24 17:29:16 [olibot.pipeline] INFO: ← msg='He trazado el trazo LINEA_H y me ha salido bien (100% de acierto)'  student=10  session=83  topic=trazo_linea_h
2026-05-24 17:29:17 [olibot.pipeline] INFO: → NLU: intent=tracing_complete  conf=1.00  entities={'letter': 'LINEA_H', 'passed': True, 'score': 100}
2026-05-24 17:29:17 [olibot.pipeline] INFO: → BDI: action=redirect  is_correct=True  next_topic=None
2026-05-24 17:29:17 [olibot.pipeline] INFO: → RESP (1.1s) shield=False  '¡Sí! ⭐'
2026-05-24 17:29:37 [olibot.pipeline] INFO: ← msg='He intentado trazar el trazo LINEA_H pero necesito practicar más (13%)'  student=10  session=83  topic=trazo_linea_h
2026-05-24 17:29:38 [olibot.pipeline] INFO: → NLU: intent=tracing_complete  conf=1.00  entities={'letter': 'LINEA_H', 'passed': False, 'score': 13}
2026-05-24 17:29:38 [olibot.pipeline] INFO: → BDI: action=redirect  is_correct=False  next_topic=None
2026-05-24 17:29:38 [olibot.pipeline] INFO: → RESP (1.1s) shield=False  '¡Casi! 💪'
2026-05-24 17:29:51 [olibot.pipeline] INFO: ← msg='quiero dibujar otra cosa'  student=10  session=83  topic=trazo_linea_h
2026-05-24 17:29:52 [olibot.pipeline] INFO: → NLU: intent=request_topic_change  conf=0.90  entities={}
2026-05-24 17:29:52 [olibot.pipeline] INFO: → BDI: action=offer_alternatives  is_correct=None  next_topic=None
2026-05-24 17:29:52 [olibot.pipeline] INFO: → RESP (1.2s) shield=False  '¡Formas! 🐻🌈'
2026-05-24 17:29:57 [olibot.pipeline] INFO: ← msg='quiero dibujar un pato'  student=10  session=83  topic=trazo_linea_h
2026-05-24 17:29:58 [olibot.pipeline] INFO: → NLU: intent=request_specific_topic  conf=0.90  entities={'requested_topic_id': 'palabra_pato'}
2026-05-24 17:29:58 [olibot.pipeline] INFO: → BDI: action=accept_topic_change  is_correct=None  next_topic=None
2026-05-24 17:29:59 [olibot.pipeline] INFO: → RESP (1.6s) shield=False  '¡Patos! 🦆💦'
2026-05-24 17:30:22 [olibot.pipeline] INFO: ← msg='quiero dibujar una nube no esto'  student=10  session=83  topic=trazo_linea_h
2026-05-24 17:30:23 [olibot.pipeline] INFO: → NLU: intent=off_topic  conf=0.80  entities={}
2026-05-24 17:30:23 [olibot.pipeline] INFO: → BDI: action=redirect  is_correct=None  next_topic=None
2026-05-24 17:30:24 [olibot.pipeline] INFO: → RESP (1.5s) shield=False  '¡Vamos a la línea! ⬆️'
2026-05-24 17:30:34 [olibot.pipeline] INFO: ← msg='He intentado trazar el trazo LINEA_H pero necesito practicar más (0%)'  student=10  session=83  topic=trazo_linea_h
2026-05-24 17:30:35 [olibot.pipeline] INFO: → NLU: intent=tracing_complete  conf=1.00  entities={'letter': 'LINEA_H', 'passed': False, 'score': 0}
2026-05-24 17:30:35 [olibot.pipeline] INFO: → BDI: action=redirect  is_correct=False  next_topic=None
2026-05-24 17:30:35 [olibot.pipeline] INFO: → RESP (1.2s) shield=False  '¡Casi! 💪'
2026-05-24 17:30:56 [olibot.pipeline] INFO: ← msg='He trazado el trazo LINEA_H y me ha salido bien (100% de acierto)'  student=10  session=83  topic=trazo_linea_h
2026-05-24 17:30:57 [olibot.pipeline] INFO: → NLU: intent=tracing_complete  conf=1.00  entities={'letter': 'LINEA_H', 'passed': True, 'score': 100}
2026-05-24 17:30:57 [olibot.pipeline] INFO: → BDI: action=redirect  is_correct=True  next_topic=None
2026-05-24 17:30:57 [olibot.pipeline] INFO: → RESP (1.1s) shield=False  '¡Sí! ⭐'
2026-05-24 17:31:15 [olibot.pipeline] INFO: ← msg='He trazado el trazo LINEA_H y me ha salido bien (100% de acierto)'  student=10  session=83  topic=trazo_linea_h
2026-05-24 17:31:15 [olibot.pipeline] INFO: → NLU: intent=tracing_complete  conf=1.00  entities={'letter': 'LINEA_H', 'passed': True, 'score': 100}
2026-05-24 17:31:16 [olibot.pipeline] INFO: → BDI: action=redirect  is_correct=True  next_topic=None
2026-05-24 17:31:16 [olibot.pipeline] INFO: → RESP (1.0s) shield=False  '¡Sí! ⭐'
2026-05-24 17:46:44 [olibot.pipeline] INFO: ← msg='hola'  student=10  session=81  topic=trazo_linea_h
2026-05-24 17:46:45 [olibot.pipeline] INFO: → NLU: intent=greet  conf=1.00  entities={}
2026-05-24 17:46:45 [olibot.pipeline] INFO: → BDI: action=greet_and_propose  is_correct=None  next_topic=None
2026-05-24 17:46:45 [olibot.pipeline] INFO: → RESP (1.7s) shield=False  '¡Bien! 🌟'
2026-05-24 17:47:11 [olibot.pipeline] INFO: ← msg='He trazado el trazo LINEA_H y me ha salido bien (100% de acierto)'  student=10  session=81  topic=trazo_linea_h
2026-05-24 17:47:15 [olibot.pipeline] INFO: → NLU: intent=tracing_complete  conf=1.00  entities={'letter': 'LINEA_H', 'passed': True, 'score': 100}
2026-05-24 17:47:15 [olibot.pipeline] INFO: → BDI: action=celebrate_tracing  is_correct=True  next_topic=None
2026-05-24 17:47:15 [olibot.pipeline] INFO: → RESP (3.5s) shield=False  '¡Bien! 🌟'
2026-05-24 17:47:20 [olibot.pipeline] INFO: ← msg='quiero dibujar otra cosa'  student=10  session=81  topic=trazo_linea_h
2026-05-24 17:47:20 [olibot.pipeline] INFO: → NLU: intent=request_topic_change  conf=0.84  entities={}
2026-05-24 17:47:20 [olibot.pipeline] INFO: → BDI: action=offer_alternatives  is_correct=None  next_topic=None
2026-05-24 17:47:21 [olibot.pipeline] INFO: → RESP (0.7s) shield=False  'Formas redondas o animales 😊'
2026-05-24 17:47:25 [olibot.pipeline] INFO: ← msg='animales'  student=10  session=81  topic=trazo_linea_h
2026-05-24 17:47:26 [olibot.pipeline] INFO: → NLU: intent=unknown  conf=0.50  entities={}
2026-05-24 17:47:26 [olibot.pipeline] INFO: → BDI: action=redirect  is_correct=None  next_topic=None
2026-05-24 17:47:27 [olibot.pipeline] INFO: → RESP (1.4s) shield=False  'Un gato 🐱'
2026-05-26 10:52:48 [olibot.pipeline] INFO: ← msg='hola'  student=10  session=82  topic=trazo_linea_h
2026-05-26 10:52:48 [olibot.pipeline] INFO: → NLU: intent=greet  conf=1.00  entities={}
2026-05-26 10:52:48 [olibot.pipeline] INFO: → BDI: action=greet_and_propose  is_correct=None  next_topic=None
2026-05-26 10:52:48 [olibot.pipeline] INFO: → RESP (0.2s) shield=False  '¡Vamos! 👋'
2026-05-26 10:53:17 [olibot.pipeline] INFO: ← msg='hola'  student=10  session=83  topic=trazo_linea_h
2026-05-26 10:53:17 [olibot.pipeline] INFO: → NLU: intent=greet  conf=1.00  entities={}
2026-05-26 10:53:17 [olibot.pipeline] INFO: → BDI: action=greet_and_propose  is_correct=None  next_topic=None
2026-05-26 10:53:17 [olibot.pipeline] INFO: → RESP (0.2s) shield=False  '¡Genial! 🤖'
2026-05-26 10:53:56 [olibot.pipeline] INFO: ← msg='He trazado el trazo LINEA_H y me ha salido bien (100% de acierto)'  student=10  session=83  topic=trazo_linea_h
2026-05-26 10:54:00 [olibot.pipeline] INFO: → NLU: intent=tracing_complete  conf=1.00  entities={'letter': 'LINEA_H', 'passed': True, 'score': 100}
2026-05-26 10:54:00 [olibot.pipeline] INFO: → BDI: action=celebrate_tracing  is_correct=True  next_topic=None
2026-05-26 10:54:00 [olibot.pipeline] INFO: → RESP (4.1s) shield=False  '¡Sí! ⭐'
2026-05-26 10:54:13 [olibot.pipeline] INFO: ← msg='He trazado el trazo LINEA_H y me ha salido bien (100% de acierto)'  student=10  session=83  topic=trazo_linea_h
2026-05-26 10:54:15 [olibot.pipeline] INFO: → NLU: intent=tracing_complete  conf=1.00  entities={'letter': 'LINEA_H', 'passed': True, 'score': 100}
2026-05-26 10:54:15 [olibot.pipeline] INFO: → BDI: action=mastery_achieved  is_correct=True  next_topic=trazo_linea_v
2026-05-26 10:54:15 [olibot.pipeline] INFO: → RESP (1.7s) shield=False  '¡Sí! ⭐'
2026-05-26 10:55:13 [olibot.pipeline] INFO: ← msg='He trazado el trazo LINEA_H y me ha salido bien (100% de acierto)'  student=10  session=83  topic=trazo_linea_h
2026-05-26 10:55:14 [olibot.pipeline] INFO: → NLU: intent=tracing_complete  conf=1.00  entities={'letter': 'LINEA_H', 'passed': True, 'score': 100}
2026-05-26 10:55:15 [olibot.pipeline] INFO: → BDI: action=mastery_achieved  is_correct=True  next_topic=trazo_linea_v
2026-05-26 10:55:15 [olibot.pipeline] INFO: → RESP (1.6s) shield=False  '¡Muy bien! 🎉'
2026-05-26 11:45:48 [olibot.pipeline] INFO: ← msg='hola'  student=10  session=84  topic=trazo_linea_v
2026-05-26 11:45:49 [olibot.pipeline] INFO: → NLU: intent=greet  conf=1.00  entities={}
2026-05-26 11:45:49 [olibot.pipeline] INFO: → BDI: action=greet_and_propose  is_correct=None  next_topic=None
2026-05-26 11:45:49 [olibot.pipeline] INFO: → RESP (1.7s) shield=False  '¡Genial! 🤖'
2026-05-26 11:46:04 [olibot.pipeline] INFO: ← msg='hola'  student=10  session=81  topic=trazo_linea_h
2026-05-26 11:46:04 [olibot.pipeline] INFO: ← msg='hola'  student=10  session=82  topic=trazo_linea_h
2026-05-26 11:46:04 [olibot.pipeline] INFO: → NLU: intent=greet  conf=1.00  entities={}
2026-05-26 11:46:04 [olibot.pipeline] INFO: → BDI: action=greet_and_propose  is_correct=None  next_topic=None
2026-05-26 11:46:04 [olibot.pipeline] INFO: → RESP (0.2s) shield=False  '¡Genial! 🤖'
2026-05-26 11:46:05 [olibot.pipeline] INFO: → NLU: intent=greet  conf=1.00  entities={}
2026-05-26 11:46:05 [olibot.pipeline] INFO: → BDI: action=greet_and_propose  is_correct=None  next_topic=None
2026-05-26 11:46:05 [olibot.pipeline] INFO: → RESP (0.4s) shield=False  '¡Bien! 🌟'
2026-05-26 11:46:32 [olibot.pipeline] INFO: ← msg='He trazado el trazo LINEA_H y me ha salido bien (100% de acierto)'  student=10  session=81  topic=trazo_linea_h
2026-05-26 11:46:35 [olibot.pipeline] INFO: → NLU: intent=tracing_complete  conf=1.00  entities={'letter': 'LINEA_H', 'passed': True, 'score': 100}
2026-05-26 11:46:35 [olibot.pipeline] INFO: → BDI: action=celebrate_tracing  is_correct=True  next_topic=None
2026-05-26 11:46:35 [olibot.pipeline] INFO: → RESP (3.5s) shield=False  '¡Muy bien! 🎉'
2026-05-26 11:46:52 [olibot.pipeline] INFO: ← msg='He intentado trazar el trazo LINEA_H pero necesito practicar más (62%)'  student=10  session=81  topic=trazo_linea_h
2026-05-26 11:46:53 [olibot.pipeline] INFO: → NLU: intent=tracing_complete  conf=1.00  entities={'letter': 'LINEA_H', 'passed': False, 'score': 62}
2026-05-26 11:46:53 [olibot.pipeline] INFO: → BDI: action=encourage_retry_tracing  is_correct=False  next_topic=None
2026-05-26 11:46:53 [olibot.pipeline] INFO: → RESP (1.1s) shield=False  '¡Casi! 💪'
2026-05-26 11:47:14 [olibot.pipeline] INFO: ← msg='He trazado el trazo LINEA_H y me ha salido bien (100% de acierto)'  student=10  session=81  topic=trazo_linea_h
2026-05-26 11:47:15 [olibot.pipeline] INFO: → NLU: intent=tracing_complete  conf=1.00  entities={'letter': 'LINEA_H', 'passed': True, 'score': 100}
2026-05-26 11:47:15 [olibot.pipeline] INFO: → BDI: action=mastery_achieved  is_correct=True  next_topic=trazo_linea_v
2026-05-26 11:47:15 [olibot.pipeline] INFO: → RESP (1.0s) shield=False  '¡Muy bien! 🎉'
2026-05-26 12:01:02 [olibot.pipeline] INFO: ← msg='hola'  student=10  session=83  topic=trazo_linea_v
2026-05-26 12:01:03 [olibot.pipeline] INFO: → NLU: intent=greet  conf=1.00  entities={}
2026-05-26 12:01:04 [olibot.pipeline] INFO: → BDI: action=greet_and_propose  is_correct=None  next_topic=None
2026-05-26 12:01:04 [olibot.pipeline] INFO: → RESP (1.6s) shield=False  '¡Genial! 🤖'
2026-05-26 12:04:10 [olibot.pipeline] INFO: ← msg='hola'  student=10  session=84  topic=trazo_linea_v
2026-05-26 12:04:11 [olibot.pipeline] INFO: → NLU: intent=greet  conf=1.00  entities={}
2026-05-26 12:04:11 [olibot.pipeline] INFO: → BDI: action=greet_and_propose  is_correct=None  next_topic=None
2026-05-26 12:04:11 [olibot.pipeline] INFO: → RESP (0.3s) shield=False  '¡Genial! 🤖'
2026-05-26 12:04:45 [olibot.pipeline] INFO: ← msg='hola'  student=10  session=85  topic=trazo_linea_v
2026-05-26 12:04:45 [olibot.pipeline] INFO: → NLU: intent=greet  conf=1.00  entities={}
2026-05-26 12:04:45 [olibot.pipeline] INFO: → BDI: action=greet_and_propose  is_correct=None  next_topic=None
2026-05-26 12:04:45 [olibot.pipeline] INFO: → RESP (0.2s) shield=False  '¡Vamos! 👋'
2026-05-26 12:29:55 [olibot.pipeline] INFO: ← msg='hola'  student=10  session=86  topic=trazo_linea_v
2026-05-26 12:29:56 [olibot.pipeline] INFO: → NLU: intent=greet  conf=1.00  entities={}
2026-05-26 12:29:56 [olibot.pipeline] INFO: → BDI: action=greet_and_propose  is_correct=None  next_topic=None
2026-05-26 12:29:56 [olibot.pipeline] INFO: → RESP (1.6s) shield=False  '¡Vamos! 👋'
2026-05-26 12:30:24 [olibot.pipeline] INFO: ← msg='hola'  student=10  session=87  topic=trazo_linea_v
2026-05-26 12:30:24 [olibot.pipeline] INFO: → NLU: intent=greet  conf=1.00  entities={}
2026-05-26 12:30:24 [olibot.pipeline] INFO: → BDI: action=greet_and_propose  is_correct=None  next_topic=None
2026-05-26 12:30:24 [olibot.pipeline] INFO: → RESP (0.3s) shield=False  '¡Genial! 🤖'
2026-05-26 12:30:31 [olibot.pipeline] INFO: ← msg='qué es esto no entiendo'  student=10  session=87  topic=trazo_linea_v
2026-05-26 12:30:32 [olibot.pipeline] INFO: → NLU: intent=ask_for_hint  conf=0.88  entities={}
2026-05-26 12:30:32 [olibot.pipeline] INFO: → BDI: action=give_hint  is_correct=None  next_topic=None
2026-05-26 12:30:32 [olibot.pipeline] INFO: → RESP (0.3s) shield=False  '¡Mira el punto azul! 🔵'
2026-05-26 12:30:43 [olibot.pipeline] INFO: ← msg='hola'  student=10  session=88  topic=trazo_linea_v
2026-05-26 12:30:43 [olibot.pipeline] INFO: → NLU: intent=greet  conf=1.00  entities={}
2026-05-26 12:30:43 [olibot.pipeline] INFO: → BDI: action=greet_and_propose  is_correct=None  next_topic=None
2026-05-26 12:30:43 [olibot.pipeline] INFO: → RESP (0.2s) shield=False  '¡Genial! 🤖'
2026-05-26 12:31:21 [olibot.pipeline] INFO: ← msg='hola'  student=11  session=89  topic=trazo_linea_h
2026-05-26 12:31:21 [olibot.pipeline] INFO: → NLU: intent=greet  conf=1.00  entities={}
2026-05-26 12:31:22 [olibot.pipeline] INFO: → BDI: action=greet_and_propose  is_correct=None  next_topic=None
2026-05-26 12:31:22 [olibot.pipeline] INFO: → RESP (0.3s) shield=False  '¡Bien! 🌟'
2026-05-26 13:02:12 [olibot.pipeline] INFO: ← msg='hola'  student=11  session=90  topic=trazo_linea_h
2026-05-26 13:02:13 [olibot.pipeline] INFO: → NLU: intent=greet  conf=1.00  entities={}
2026-05-26 13:02:13 [olibot.pipeline] INFO: → BDI: action=greet_and_propose  is_correct=None  next_topic=None
2026-05-26 13:02:13 [olibot.pipeline] INFO: → RESP (1.6s) shield=False  '¡Genial! 🤖'
2026-05-26 19:30:52 [olibot.pipeline] INFO: ← msg='hola'  student=11  session=91  topic=trazo_linea_h
2026-05-26 19:30:52 [olibot.pipeline] INFO: ← msg='hola'  student=11  session=92  topic=trazo_linea_h
2026-05-26 19:31:04 [olibot.pipeline] INFO: → NLU: intent=greet  conf=1.00  entities={}
2026-05-26 19:31:04 [olibot.pipeline] INFO: → NLU: intent=greet  conf=1.00  entities={}
2026-05-26 19:31:04 [olibot.pipeline] INFO: → BDI: action=greet_and_propose  is_correct=None  next_topic=None
2026-05-26 19:31:04 [olibot.pipeline] INFO: → RESP (12.4s) shield=False  '¡Bien! 🌟'
2026-05-26 19:31:12 [olibot.pipeline] INFO: → BDI: action=greet_and_propose  is_correct=None  next_topic=None
2026-05-26 19:31:12 [olibot.pipeline] INFO: → RESP (20.3s) shield=False  '¡Genial! 🤖'
2026-05-26 19:31:31 [olibot.pipeline] INFO: ← msg='hola'  student=11  session=93  topic=trazo_linea_h
2026-05-26 19:31:32 [olibot.pipeline] INFO: → NLU: intent=greet  conf=1.00  entities={}
2026-05-26 19:31:32 [olibot.pipeline] INFO: → BDI: action=greet_and_propose  is_correct=None  next_topic=None
2026-05-26 19:31:32 [olibot.pipeline] INFO: → RESP (0.3s) shield=False  '¡Genial! 🤖'
2026-05-26 19:31:50 [olibot.pipeline] INFO: ← msg='hola'  student=11  session=89  topic=trazo_linea_h
2026-05-26 19:31:50 [olibot.pipeline] INFO: → NLU: intent=greet  conf=1.00  entities={}
2026-05-26 19:31:50 [olibot.pipeline] INFO: → BDI: action=greet_and_propose  is_correct=None  next_topic=None
2026-05-26 19:31:50 [olibot.pipeline] INFO: → RESP (0.2s) shield=False  '¡Genial! 🤖'
2026-05-26 19:32:07 [olibot.pipeline] INFO: ← msg='hola'  student=11  session=90  topic=trazo_linea_h
2026-05-26 19:32:07 [olibot.pipeline] INFO: ← msg='hola'  student=11  session=91  topic=trazo_linea_h
2026-05-26 19:32:07 [olibot.pipeline] INFO: → NLU: intent=greet  conf=1.00  entities={}
2026-05-26 19:32:07 [olibot.pipeline] INFO: → NLU: intent=greet  conf=1.00  entities={}
2026-05-26 19:32:07 [olibot.pipeline] INFO: → BDI: action=greet_and_propose  is_correct=None  next_topic=None
2026-05-26 19:32:07 [olibot.pipeline] INFO: → RESP (0.3s) shield=False  '¡Vamos! 👋'
2026-05-26 19:32:07 [olibot.pipeline] INFO: → BDI: action=greet_and_propose  is_correct=None  next_topic=None
2026-05-26 19:32:07 [olibot.pipeline] INFO: → RESP (0.4s) shield=False  '¡Vamos! 👋'
2026-05-26 19:36:06 [olibot.pipeline] INFO: ← msg='hola'  student=11  session=92  topic=trazo_linea_h
2026-05-26 19:36:06 [olibot.pipeline] INFO: → NLU: intent=greet  conf=1.00  entities={}
2026-05-26 19:36:06 [olibot.pipeline] INFO: → BDI: action=greet_and_propose  is_correct=None  next_topic=None
2026-05-26 19:36:06 [olibot.pipeline] INFO: → RESP (0.3s) shield=False  '¡Vamos! 👋'
2026-05-26 19:40:34 [olibot.pipeline] INFO: ← msg='hola'  student=11  session=93  topic=trazo_linea_h
2026-05-26 19:40:34 [olibot.pipeline] INFO: → NLU: intent=greet  conf=1.00  entities={}
2026-05-26 19:40:34 [olibot.pipeline] INFO: → BDI: action=greet_and_propose  is_correct=None  next_topic=None
2026-05-26 19:40:34 [olibot.pipeline] INFO: → RESP (0.3s) shield=False  '¡Vamos! 👋'
2026-05-26 19:40:52 [olibot.pipeline] INFO: ← msg='hola'  student=11  session=89  topic=trazo_linea_h
2026-05-26 19:40:52 [olibot.pipeline] INFO: → NLU: intent=greet  conf=1.00  entities={}
2026-05-26 19:40:52 [olibot.pipeline] INFO: → BDI: action=greet_and_propose  is_correct=None  next_topic=None
2026-05-26 19:40:52 [olibot.pipeline] INFO: → RESP (0.2s) shield=False  '¡Genial! 🤖'
2026-05-26 20:05:58 [olibot.pipeline] INFO: ← msg='hola'  student=11  session=90  topic=trazo_linea_h
2026-05-26 20:05:59 [olibot.pipeline] INFO: → NLU: intent=greet  conf=1.00  entities={}
2026-05-26 20:05:59 [olibot.pipeline] INFO: → BDI: action=greet_and_propose  is_correct=None  next_topic=None
2026-05-26 20:05:59 [olibot.pipeline] INFO: → RESP (1.6s) shield=False  '¡Bien! 🌟'
2026-05-26 20:06:43 [olibot.pipeline] INFO: ← msg='hola'  student=11  session=89  topic=trazo_linea_h
2026-05-26 20:06:43 [olibot.pipeline] INFO: → NLU: intent=greet  conf=1.00  entities={}
2026-05-26 20:06:43 [olibot.pipeline] INFO: → BDI: action=greet_and_propose  is_correct=None  next_topic=None
2026-05-26 20:06:43 [olibot.pipeline] INFO: → RESP (0.2s) shield=False  '¡Vamos! 👋'
2026-05-26 20:07:05 [olibot.pipeline] INFO: ← msg='He trazado el trazo LINEA_H y me ha salido bien (100% de acierto)'  student=11  session=89  topic=trazo_linea_h
2026-05-26 20:07:16 [olibot.pipeline] INFO: → NLU: intent=tracing_complete  conf=1.00  entities={'letter': 'LINEA_H', 'passed': True, 'score': 100}
2026-05-26 20:07:16 [olibot.pipeline] INFO: → BDI: action=celebrate_tracing  is_correct=True  next_topic=None
2026-05-26 20:07:16 [olibot.pipeline] INFO: → RESP (10.4s) shield=False  '¡Bien! 🌟'
2026-05-26 20:07:20 [olibot.pipeline] INFO: ← msg='sigo haciendo lo mismo'  student=11  session=89  topic=trazo_linea_h
2026-05-26 20:07:21 [olibot.pipeline] INFO: → NLU: intent=unknown  conf=0.80  entities={}
2026-05-26 20:07:21 [olibot.pipeline] INFO: → BDI: action=redirect  is_correct=None  next_topic=None
2026-05-26 20:07:22 [olibot.pipeline] INFO: → RESP (1.6s) shield=False  '¿Qué hay diferente cada vez que trazas? 🤔'
2026-05-26 20:07:26 [olibot.pipeline] INFO: ← msg='no lo sé'  student=11  session=89  topic=trazo_linea_h
2026-05-26 20:07:27 [olibot.pipeline] INFO: → NLU: intent=ask_for_hint  conf=1.00  entities={}
2026-05-26 20:07:35 [olibot.pipeline] INFO: → BDI: action=give_hint  is_correct=None  next_topic=None
2026-05-26 20:07:35 [olibot.pipeline] INFO: → RESP (8.3s) shield=False  '¡Empieza aquí! 👆'
2026-05-26 20:07:46 [olibot.pipeline] INFO: ← msg='He trazado el trazo LINEA_H y me ha salido bien (100% de acierto)'  student=11  session=89  topic=trazo_linea_h
2026-05-26 20:07:48 [olibot.pipeline] INFO: → NLU: intent=tracing_complete  conf=1.00  entities={'letter': 'LINEA_H', 'passed': True, 'score': 100}
2026-05-26 20:07:48 [olibot.pipeline] INFO: → BDI: action=celebrate_tracing  is_correct=True  next_topic=None
2026-05-26 20:07:48 [olibot.pipeline] INFO: → RESP (2.0s) shield=False  '¡Muy bien! 🎉'
2026-05-26 20:07:58 [olibot.pipeline] INFO: ← msg='He trazado el trazo LINEA_H y me ha salido bien (100% de acierto)'  student=11  session=89  topic=trazo_linea_h
2026-05-26 20:08:00 [olibot.pipeline] INFO: → NLU: intent=tracing_complete  conf=1.00  entities={'letter': 'LINEA_H', 'passed': True, 'score': 100}
2026-05-26 20:08:00 [olibot.pipeline] INFO: → BDI: action=mastery_achieved  is_correct=True  next_topic=trazo_linea_v
2026-05-26 20:08:00 [olibot.pipeline] INFO: → RESP (1.7s) shield=False  '¡Muy bien! 🎉'
2026-05-26 20:09:35 [olibot.pipeline] INFO: ← msg='quiero dibujar una casa'  student=11  session=89  topic=trazo_linea_h
2026-05-26 20:09:36 [olibot.pipeline] INFO: → NLU: intent=free_drawing  conf=1.00  entities={}
2026-05-26 20:09:36 [olibot.pipeline] INFO: → BDI: action=start_free_drawing  is_correct=None  next_topic=None
2026-05-26 20:09:36 [olibot.pipeline] INFO: → RESP (1.0s) shield=False  '¡Vamos a dibujar un casa! 😊'
2026-05-26 20:09:46 [olibot.pipeline] INFO: ← msg='este no me gusta otro'  student=11  session=89  topic=trazo_linea_h
2026-05-26 20:09:46 [olibot.pipeline] INFO: → NLU: intent=express_emotion  conf=0.87  entities={}
2026-05-26 20:09:46 [olibot.pipeline] INFO: → BDI: action=acknowledge_emotion  is_correct=None  next_topic=None
2026-05-26 20:09:46 [olibot.pipeline] INFO: → RESP (0.2s) shield=False  '¡Tú puedes! 💪'
2026-05-26 20:09:50 [olibot.pipeline] INFO: ← msg='quiero otro'  student=11  session=89  topic=trazo_linea_h
2026-05-26 20:09:50 [olibot.pipeline] INFO: → NLU: intent=request_topic_change  conf=0.81  entities={}
2026-05-26 20:09:50 [olibot.pipeline] INFO: → BDI: action=offer_alternatives  is_correct=None  next_topic=None
2026-05-26 20:09:51 [olibot.pipeline] INFO: → RESP (0.8s) shield=False  '¿Un coche? 🚗'
2026-05-26 20:09:54 [olibot.pipeline] INFO: ← msg='vale'  student=11  session=89  topic=trazo_linea_h
2026-05-26 20:09:56 [olibot.pipeline] INFO: → NLU: intent=express_emotion  conf=0.80  entities={}
2026-05-26 20:09:56 [olibot.pipeline] INFO: → BDI: action=acknowledge_emotion  is_correct=None  next_topic=None
2026-05-26 20:09:56 [olibot.pipeline] INFO: → RESP (1.5s) shield=False  '¡Tú puedes! 💪'
2026-05-26 20:15:20 [olibot.pipeline] INFO: ← msg='hola'  student=11  session=90  topic=trazo_linea_v
2026-05-26 20:15:22 [olibot.pipeline] INFO: → NLU: intent=greet  conf=1.00  entities={}
2026-05-26 20:15:22 [olibot.pipeline] INFO: → BDI: action=greet_and_propose  is_correct=None  next_topic=None
2026-05-26 20:15:22 [olibot.pipeline] INFO: → RESP (1.7s) shield=False  '¡Bien! 🌟'
2026-05-26 20:15:37 [olibot.pipeline] INFO: ← msg='y aquí puede'  student=11  session=90  topic=trazo_linea_v
2026-05-26 20:15:43 [olibot.pipeline] INFO: → NLU: intent=unknown  conf=0.50  entities={}
2026-05-26 20:15:43 [olibot.pipeline] INFO: → BDI: action=redirect  is_correct=None  next_topic=None
2026-05-26 20:15:43 [olibot.pipeline] INFO: → RESP (6.2s) shield=False  'Mira la línea azul 👉'
2026-05-26 20:15:56 [olibot.pipeline] INFO: ← msg='no me gusta esto quiero dibujar un perro'  student=11  session=90  topic=trazo_linea_v
2026-05-26 20:16:00 [olibot.pipeline] INFO: → NLU: intent=free_drawing  conf=0.93  entities={}
2026-05-26 20:16:00 [olibot.pipeline] INFO: → BDI: action=start_free_drawing  is_correct=None  next_topic=None
2026-05-26 20:16:01 [olibot.pipeline] INFO: → RESP (4.7s) shield=False  '¡Vamos a dibujar un perro! 🐶'
2026-05-26 20:16:28 [olibot.pipeline] INFO: ← msg='se supone que distintos perros siempre'  student=11  session=90  topic=trazo_linea_v
2026-05-26 20:16:28 [olibot.pipeline] INFO: → NLU: intent=free_drawing  conf=0.73  entities={}
2026-05-26 20:16:28 [olibot.pipeline] INFO: → BDI: action=start_free_drawing  is_correct=None  next_topic=None
2026-05-26 20:16:28 [olibot.pipeline] INFO: → RESP (0.7s) shield=False  'También puedes hacerlo así! 🐕'
2026-05-26 20:16:38 [olibot.pipeline] INFO: ← msg='esto es un círculo es una línea'  student=11  session=90  topic=trazo_linea_v
2026-05-26 20:16:38 [olibot.pipeline] INFO: → NLU: intent=express_emotion  conf=0.87  entities={}
2026-05-26 20:16:38 [olibot.pipeline] INFO: → BDI: action=acknowledge_emotion  is_correct=None  next_topic=None
2026-05-26 20:16:38 [olibot.pipeline] INFO: → RESP (0.3s) shield=False  '¡Ánimo! 🌟'
2026-05-26 20:16:46 [olibot.pipeline] INFO: ← msg='quiero dibujar un gato esto no me gusta'  student=11  session=90  topic=trazo_linea_v
2026-05-26 20:16:46 [olibot.pipeline] INFO: → NLU: intent=free_drawing  conf=0.92  entities={}
2026-05-26 20:16:46 [olibot.pipeline] INFO: → BDI: action=start_free_drawing  is_correct=None  next_topic=None
2026-05-26 20:16:47 [olibot.pipeline] INFO: → RESP (0.7s) shield=False  'Vamos a empezar de nuevo! 😊'
2026-05-26 20:16:53 [olibot.pipeline] INFO: ← msg='pensé que esto hay que mejorarlo'  student=11  session=90  topic=trazo_linea_v
2026-05-26 20:16:55 [olibot.pipeline] INFO: ← msg='hola'  student=11  session=91  topic=trazo_linea_v
2026-05-26 20:16:56 [olibot.pipeline] INFO: → NLU: intent=greet  conf=1.00  entities={}
2026-05-26 20:16:56 [olibot.pipeline] INFO: → BDI: action=greet_and_propose  is_correct=None  next_topic=None
2026-05-26 20:16:56 [olibot.pipeline] INFO: → RESP (1.3s) shield=False  '¡Genial! 🤖'
2026-05-26 20:16:57 [olibot.pipeline] INFO: → NLU: intent=off_topic  conf=0.80  entities={}
2026-05-26 20:16:57 [olibot.pipeline] INFO: → BDI: action=redirect  is_correct=None  next_topic=None
2026-05-26 20:16:58 [olibot.pipeline] INFO: → RESP (5.5s) shield=False  'Puedes mejorar la línea azul 💪'
2026-05-26 20:17:01 [olibot.pipeline] INFO: ← msg='gato quiero dibujar un gato'  student=11  session=91  topic=trazo_linea_v
2026-05-26 20:17:01 [olibot.pipeline] INFO: → NLU: intent=free_drawing  conf=0.99  entities={}
2026-05-26 20:17:01 [olibot.pipeline] INFO: → BDI: action=start_free_drawing  is_correct=None  next_topic=None
2026-05-26 20:17:02 [olibot.pipeline] INFO: → RESP (0.7s) shield=False  '¡Vamos a dibujar un gato! 😸'
2026-05-26 20:17:08 [olibot.pipeline] INFO: ← msg='de antes'  student=11  session=91  topic=trazo_linea_v
2026-05-26 20:17:09 [olibot.pipeline] INFO: → NLU: intent=unknown  conf=0.00  entities={}
2026-05-26 20:17:10 [olibot.pipeline] INFO: → BDI: action=redirect  is_correct=None  next_topic=None
2026-05-26 20:17:10 [olibot.pipeline] INFO: → RESP (2.0s) shield=False  '¿Qué hay de azul? ⬛️'
2026-05-26 20:18:03 [olibot.pipeline] INFO: ← msg='hola'  student=12  session=92  topic=trazo_linea_h
2026-05-26 20:18:03 [olibot.pipeline] INFO: ← msg='hola'  student=12  session=93  topic=trazo_linea_h
2026-05-26 20:18:04 [olibot.pipeline] INFO: → NLU: intent=greet  conf=1.00  entities={}
2026-05-26 20:18:04 [olibot.pipeline] INFO: → NLU: intent=greet  conf=1.00  entities={}
2026-05-26 20:18:04 [olibot.pipeline] INFO: → BDI: action=greet_and_propose  is_correct=None  next_topic=None
2026-05-26 20:18:04 [olibot.pipeline] INFO: → RESP (0.3s) shield=False  '¡Vamos! 👋'
2026-05-26 20:18:04 [olibot.pipeline] INFO: → BDI: action=greet_and_propose  is_correct=None  next_topic=None
2026-05-26 20:18:04 [olibot.pipeline] INFO: → RESP (0.3s) shield=False  '¡Bien! 🌟'
2026-05-26 20:18:34 [olibot.pipeline] INFO: ← msg='nunca te dice lo has hecho mal no te dice casi'  student=12  session=93  topic=trazo_linea_h
2026-05-26 20:18:36 [olibot.pipeline] INFO: → NLU: intent=express_emotion  conf=1.00  entities={}
2026-05-26 20:18:36 [olibot.pipeline] INFO: → BDI: action=acknowledge_emotion  is_correct=None  next_topic=None
2026-05-26 20:18:36 [olibot.pipeline] INFO: → RESP (1.5s) shield=False  '¡Ánimo! 🌟'
2026-05-26 20:18:47 [olibot.pipeline] INFO: ← msg='y a que los informes se metido dos veces el mensaje no hace falta ni una'  student=12  session=93  topic=trazo_linea_h
2026-05-26 20:18:48 [olibot.pipeline] INFO: → NLU: intent=express_emotion  conf=1.00  entities={}
2026-05-26 20:18:49 [olibot.pipeline] INFO: → BDI: action=acknowledge_emotion  is_correct=None  next_topic=None
2026-05-26 20:18:49 [olibot.pipeline] INFO: → RESP (1.1s) shield=False  '¡Tú puedes! 💪'
2026-05-26 20:22:43 [olibot.pipeline] INFO: ← msg='hola'  student=12  session=94  topic=trazo_linea_h
2026-05-26 20:22:43 [olibot.pipeline] INFO: → NLU: intent=greet  conf=1.00  entities={}
2026-05-26 20:22:43 [olibot.pipeline] INFO: → BDI: action=greet_and_propose  is_correct=None  next_topic=None
2026-05-26 20:22:43 [olibot.pipeline] INFO: → RESP (0.2s) shield=False  '¡Vamos! 👋'
2026-05-26 20:22:50 [olibot.pipeline] INFO: ← msg='quiero hacer un dibujo'  student=12  session=94  topic=trazo_linea_h
2026-05-26 20:22:51 [olibot.pipeline] INFO: → NLU: intent=free_drawing  conf=1.00  entities={}
2026-05-26 20:22:51 [olibot.pipeline] INFO: → BDI: action=start_free_drawing  is_correct=None  next_topic=None
2026-05-26 20:22:51 [olibot.pipeline] INFO: → RESP (0.8s) shield=False  '¿Qué animal quieres? 🐶🐱'
2026-05-26 20:32:33 [olibot.pipeline] INFO: ← msg='hola'  student=12  session=95  topic=trazo_linea_h
2026-05-26 20:32:34 [olibot.pipeline] INFO: → NLU: intent=greet  conf=1.00  entities={}
2026-05-26 20:32:34 [olibot.pipeline] INFO: → BDI: action=greet_and_propose  is_correct=None  next_topic=None
2026-05-26 20:32:34 [olibot.pipeline] INFO: → RESP (1.9s) shield=False  '¡Genial! 🤖'
2026-05-26 20:32:39 [olibot.pipeline] INFO: ← msg='hacer un dibujo'  student=12  session=95  topic=trazo_linea_h
2026-05-26 20:32:39 [olibot.pipeline] INFO: → NLU: intent=free_drawing  conf=0.95  entities={}
2026-05-26 20:32:39 [olibot.pipeline] INFO: → BDI: action=start_free_drawing  is_correct=None  next_topic=None
2026-05-26 20:32:46 [olibot.pipeline] INFO: → RESP (6.6s) shield=False  '¿Qué animal? 🐶'
2026-05-28 10:40:05 [olibot.pipeline] INFO: ← msg='hola'  student=12  session=97  topic=trazo_linea_h
2026-05-28 10:40:15 [olibot.pipeline] INFO: → NLU: intent=greet  conf=1.00  entities={}
2026-05-28 10:40:15 [olibot.pipeline] INFO: → BDI: action=greet_and_propose  is_correct=None  next_topic=None
2026-05-28 10:40:15 [olibot.pipeline] INFO: → RESP (9.9s) shield=False  '¡Genial! 🤖'
2026-05-28 10:40:57 [olibot.pipeline] INFO: ← msg='hola'  student=11  session=89  topic=trazo_linea_h
2026-05-28 10:40:57 [olibot.pipeline] INFO: → NLU: intent=greet  conf=1.00  entities={}
2026-05-28 10:40:57 [olibot.pipeline] INFO: → BDI: action=greet_and_propose  is_correct=None  next_topic=None
2026-05-28 10:40:57 [olibot.pipeline] INFO: → RESP (0.2s) shield=False  '¡Genial! 🤖'
2026-05-28 10:41:20 [olibot.pipeline] INFO: ← msg='He trazado el trazo LINEA_H y me ha salido bien (100% de acierto)'  student=11  session=89  topic=trazo_linea_h
2026-05-28 10:41:28 [olibot.pipeline] INFO: → NLU: intent=tracing_complete  conf=1.00  entities={'letter': 'LINEA_H', 'passed': True, 'score': 100}
2026-05-28 10:41:28 [olibot.pipeline] INFO: → BDI: action=celebrate_tracing  is_correct=True  next_topic=None
2026-05-28 10:41:28 [olibot.pipeline] INFO: → RESP (8.9s) shield=False  '¡Muy bien! 🎉'
2026-05-28 10:41:41 [olibot.pipeline] INFO: ← msg='He trazado el trazo LINEA_H y me ha salido bien (100% de acierto)'  student=11  session=89  topic=trazo_linea_h
2026-05-28 10:41:42 [olibot.pipeline] INFO: → NLU: intent=tracing_complete  conf=1.00  entities={'letter': 'LINEA_H', 'passed': True, 'score': 100}
2026-05-28 10:41:42 [olibot.pipeline] INFO: → BDI: action=celebrate_tracing  is_correct=True  next_topic=None
2026-05-28 10:41:42 [olibot.pipeline] INFO: → RESP (1.6s) shield=False  '¡Sí! ⭐'
2026-05-28 10:42:01 [olibot.pipeline] INFO: ← msg='He trazado el trazo LINEA_H y me ha salido bien (100% de acierto)'  student=11  session=89  topic=trazo_linea_h
2026-05-28 10:42:03 [olibot.pipeline] INFO: → NLU: intent=tracing_complete  conf=1.00  entities={'letter': 'LINEA_H', 'passed': True, 'score': 100}
2026-05-28 10:42:03 [olibot.pipeline] INFO: → BDI: action=mastery_achieved  is_correct=True  next_topic=trazo_linea_v
2026-05-28 10:42:03 [olibot.pipeline] INFO: → RESP (1.7s) shield=False  '¡Muy bien! 🎉'
2026-05-28 10:43:40 [olibot.pipeline] INFO: ← msg='hola'  student=11  session=90  topic=trazo_linea_v
2026-05-28 10:43:40 [olibot.pipeline] INFO: → NLU: intent=greet  conf=1.00  entities={}
2026-05-28 10:43:40 [olibot.pipeline] INFO: → BDI: action=greet_and_propose  is_correct=None  next_topic=None
2026-05-28 10:43:40 [olibot.pipeline] INFO: → RESP (0.3s) shield=False  '¡Genial! 🤖'
2026-05-28 10:49:20 [olibot.pipeline] INFO: ← msg='hola'  student=11  session=91  topic=trazo_linea_v
2026-05-28 10:49:22 [olibot.pipeline] INFO: → NLU: intent=greet  conf=1.00  entities={}
2026-05-28 10:49:22 [olibot.pipeline] INFO: → BDI: action=greet_and_propose  is_correct=None  next_topic=None
2026-05-28 10:49:22 [olibot.pipeline] INFO: → RESP (2.1s) shield=False  '¡Genial! 🤖'
2026-05-28 11:50:19 [olibot.pipeline] INFO: ← msg='hola'  student=11  session=92  topic=trazo_linea_v
2026-05-28 11:50:21 [olibot.pipeline] INFO: → NLU: intent=greet  conf=1.00  entities={}
2026-05-28 11:50:21 [olibot.pipeline] INFO: → BDI: action=greet_and_propose  is_correct=None  next_topic=None
2026-05-28 11:50:21 [olibot.pipeline] INFO: → RESP (2.6s) shield=False  '¡Bien! 🌟'
2026-05-28 11:51:09 [olibot.pipeline] INFO: ← msg='hola'  student=11  session=89  topic=trazo_linea_h
2026-05-28 11:51:09 [olibot.pipeline] INFO: ← msg='hola'  student=11  session=90  topic=trazo_linea_h
2026-05-28 11:51:09 [olibot.pipeline] INFO: → NLU: intent=greet  conf=1.00  entities={}
2026-05-28 11:51:09 [olibot.pipeline] INFO: → NLU: intent=greet  conf=1.00  entities={}
2026-05-28 11:51:10 [olibot.pipeline] INFO: → BDI: action=greet_and_propose  is_correct=None  next_topic=None
2026-05-28 11:51:10 [olibot.pipeline] INFO: → RESP (0.4s) shield=False  '¡Bien! 🌟'
2026-05-28 11:51:18 [olibot.pipeline] INFO: → BDI: action=greet_and_propose  is_correct=None  next_topic=None
2026-05-28 11:51:18 [olibot.pipeline] INFO: → RESP (8.3s) shield=False  '¡Bien! 🌟'
2026-05-28 11:51:38 [olibot.pipeline] INFO: ← msg='He trazado el trazo LINEA_H y me ha salido bien (100% de acierto)'  student=11  session=90  topic=trazo_linea_h
2026-05-28 11:51:46 [olibot.pipeline] INFO: → NLU: intent=tracing_complete  conf=1.00  entities={'letter': 'LINEA_H', 'passed': True, 'score': 100}
2026-05-28 11:51:46 [olibot.pipeline] INFO: → BDI: action=celebrate_tracing  is_correct=True  next_topic=None
2026-05-28 11:51:46 [olibot.pipeline] INFO: → RESP (8.4s) shield=False  '¡Bien! 🌟'
2026-05-28 11:51:59 [olibot.pipeline] INFO: ← msg='He trazado el trazo LINEA_H y me ha salido bien (100% de acierto)'  student=11  session=90  topic=trazo_linea_h
2026-05-28 11:52:00 [olibot.pipeline] INFO: → NLU: intent=tracing_complete  conf=1.00  entities={'letter': 'LINEA_H', 'passed': True, 'score': 100}
2026-05-28 11:52:00 [olibot.pipeline] INFO: → BDI: action=celebrate_tracing  is_correct=True  next_topic=None
2026-05-28 11:52:00 [olibot.pipeline] INFO: → RESP (1.7s) shield=False  '¡Muy bien! 🎉'
2026-05-28 11:52:17 [olibot.pipeline] INFO: ← msg='pintar'  student=11  session=90  topic=trazo_linea_h
2026-05-28 11:52:17 [olibot.pipeline] INFO: → NLU: intent=free_drawing  conf=0.92  entities={}
2026-05-28 11:52:17 [olibot.pipeline] INFO: → BDI: action=start_free_drawing  is_correct=None  next_topic=None
2026-05-28 11:52:17 [olibot.pipeline] INFO: → RESP (0.7s) shield=False  'Pintar pájaros! 💐'
2026-05-28 11:58:20 [olibot.pipeline] INFO: ← msg='hola'  student=11  session=91  topic=trazo_linea_h
2026-05-28 11:58:20 [olibot.pipeline] INFO: ← msg='hola'  student=11  session=92  topic=trazo_linea_h
2026-05-28 11:58:23 [olibot.pipeline] INFO: → NLU: intent=greet  conf=1.00  entities={}
2026-05-28 11:58:23 [olibot.pipeline] INFO: → NLU: intent=greet  conf=1.00  entities={}
2026-05-28 11:58:23 [olibot.pipeline] INFO: → BDI: action=greet_and_propose  is_correct=None  next_topic=None
2026-05-28 11:58:23 [olibot.pipeline] INFO: → RESP (2.6s) shield=False  '¡Genial! 🤖'
2026-05-28 11:58:31 [olibot.pipeline] INFO: → BDI: action=greet_and_propose  is_correct=None  next_topic=None
2026-05-28 11:58:31 [olibot.pipeline] INFO: → RESP (10.6s) shield=False  '¡Vamos! 👋'
2026-05-28 12:33:47 [olibot.pipeline] INFO: ← msg='hola'  student=11  session=93  topic=trazo_linea_h
2026-05-28 12:33:57 [olibot.pipeline] INFO: → NLU: intent=greet  conf=1.00  entities={}
2026-05-28 12:33:57 [olibot.pipeline] INFO: → BDI: action=greet_and_propose  is_correct=None  next_topic=None
2026-05-28 12:33:57 [olibot.pipeline] INFO: → RESP (10.3s) shield=False  '¡Bien! 🌟'
2026-05-28 12:34:02 [olibot.pipeline] INFO: ← msg='hola quiero pintar'  student=11  session=93  topic=trazo_linea_h
2026-05-28 12:34:02 [olibot.pipeline] INFO: → NLU: intent=free_drawing  conf=0.94  entities={}
2026-05-28 12:34:02 [olibot.pipeline] INFO: → BDI: action=start_free_drawing  is_correct=None  next_topic=None
2026-05-28 12:34:09 [olibot.pipeline] INFO: → RESP (6.9s) shield=False  'Un perro 😊'
2026-05-28 13:19:26 [olibot.pipeline] INFO: ← msg='hola'  student=11  session=94  topic=trazo_linea_h
2026-05-28 13:19:36 [olibot.pipeline] INFO: → NLU: intent=greet  conf=1.00  entities={}
2026-05-28 13:19:36 [olibot.pipeline] INFO: → BDI: action=greet_and_propose  is_correct=None  next_topic=None
2026-05-28 13:19:36 [olibot.pipeline] INFO: → RESP (10.5s) shield=False  '¡Bien! 🌟'
2026-05-28 13:19:41 [olibot.pipeline] INFO: ← msg='hola hoy quiero pintar'  student=11  session=94  topic=trazo_linea_h
2026-05-28 13:19:41 [olibot.pipeline] INFO: → NLU: intent=free_drawing  conf=0.88  entities={}
2026-05-28 13:19:41 [olibot.pipeline] INFO: → BDI: action=start_free_drawing  is_correct=None  next_topic=None
2026-05-28 13:19:47 [olibot.pipeline] INFO: → RESP (6.5s) shield=False  'Pintamos! 💦'
2026-05-28 13:21:51 [olibot.pipeline] INFO: ← msg='hola'  student=11  session=95  topic=trazo_linea_h
2026-05-28 13:21:52 [olibot.pipeline] INFO: → NLU: intent=greet  conf=1.00  entities={}
2026-05-28 13:21:52 [olibot.pipeline] INFO: → BDI: action=greet_and_propose  is_correct=None  next_topic=None
2026-05-28 13:21:52 [olibot.pipeline] INFO: → RESP (0.3s) shield=False  '¡Vamos! 👋'
2026-05-28 18:57:44 [olibot.pipeline] INFO: ← msg='hola'  student=12  session=96  topic=trazo_linea_h
2026-05-28 18:57:54 [olibot.pipeline] INFO: → NLU: intent=greet  conf=1.00  entities={}
2026-05-28 18:58:29 [olibot.pipeline] INFO: ← msg='hola'  student=11  session=96  topic=trazo_linea_h
2026-05-28 18:58:29 [olibot.pipeline] INFO: → NLU: intent=greet  conf=1.00  entities={}
2026-05-28 18:58:30 [olibot.pipeline] INFO: → BDI: action=greet_and_propose  is_correct=None  next_topic=None
2026-05-28 18:58:30 [olibot.pipeline] INFO: → RESP (0.3s) shield=False  '¡Genial! 🤖'
2026-05-28 18:58:36 [olibot.pipeline] INFO: ← msg='hola Paco'  student=11  session=96  topic=trazo_linea_h
2026-05-28 18:58:36 [olibot.pipeline] INFO: → NLU: intent=greet  conf=1.00  entities={}
2026-05-28 18:58:36 [olibot.pipeline] INFO: → BDI: action=greet_and_propose  is_correct=None  next_topic=None
2026-05-28 18:58:36 [olibot.pipeline] INFO: → RESP (0.3s) shield=False  '¡Genial! 🤖'
2026-05-28 18:58:44 [olibot.pipeline] INFO: ← msg='hola'  student=11  session=97  topic=trazo_linea_h
2026-05-28 18:58:44 [olibot.pipeline] INFO: → NLU: intent=greet  conf=1.00  entities={}
2026-05-28 18:58:44 [olibot.pipeline] INFO: → BDI: action=greet_and_propose  is_correct=None  next_topic=None
2026-05-28 18:58:44 [olibot.pipeline] INFO: → RESP (0.2s) shield=False  '¡Bien! 🌟'
2026-05-28 18:58:48 [olibot.pipeline] INFO: ← msg='no te escucho'  student=11  session=97  topic=trazo_linea_h
2026-05-28 18:58:55 [olibot.pipeline] INFO: → NLU: intent=express_emotion  conf=1.00  entities={}
2026-05-28 18:58:55 [olibot.pipeline] INFO: → BDI: action=acknowledge_emotion  is_correct=None  next_topic=None
2026-05-28 18:58:55 [olibot.pipeline] INFO: → RESP (7.8s) shield=False  '¡Ánimo! 🌟'
2026-05-28 19:00:47 [olibot.pipeline] INFO: ← msg='hola'  student=12  session=98  topic=trazo_linea_h
2026-05-28 19:00:47 [olibot.pipeline] INFO: → NLU: intent=greet  conf=1.00  entities={}
2026-05-28 19:00:47 [olibot.pipeline] INFO: → BDI: action=greet_and_propose  is_correct=None  next_topic=None
2026-05-28 19:00:47 [olibot.pipeline] INFO: → RESP (0.4s) shield=False  '¡Vamos! 👋'
2026-05-28 19:00:58 [olibot.pipeline] INFO: ← msg='puede ser que lo tuviese sin'  student=12  session=98  topic=trazo_linea_h
2026-05-28 19:00:59 [olibot.pipeline] INFO: → NLU: intent=attempt_answer  conf=0.80  entities={'answer': 'lo'}
2026-05-28 19:00:59 [olibot.pipeline] INFO: → BDI: action=evaluate_and_encourage  is_correct=False  next_topic=None
2026-05-28 19:00:59 [olibot.pipeline] INFO: → RESP (1.1s) shield=False  '¡Otra vez! 💪'
2026-05-28 19:01:55 [olibot.pipeline] INFO: ← msg='hola'  student=13  session=99  topic=trazo_linea_h
2026-05-28 19:01:55 [olibot.pipeline] INFO: ← msg='hola'  student=13  session=100  topic=trazo_linea_h
2026-05-28 19:01:55 [olibot.pipeline] INFO: → NLU: intent=greet  conf=1.00  entities={}
2026-05-28 19:01:55 [olibot.pipeline] INFO: → NLU: intent=greet  conf=1.00  entities={}
2026-05-28 19:01:55 [olibot.pipeline] INFO: → BDI: action=greet_and_propose  is_correct=None  next_topic=None
2026-05-28 19:01:55 [olibot.pipeline] INFO: → RESP (0.3s) shield=False  '¡Bien! 🌟'
2026-05-28 19:01:55 [olibot.pipeline] INFO: → BDI: action=greet_and_propose  is_correct=None  next_topic=None
2026-05-28 19:01:55 [olibot.pipeline] INFO: → RESP (0.4s) shield=False  '¡Bien! 🌟'
2026-05-28 19:02:12 [olibot.pipeline] INFO: ← msg='no me gusta la voz'  student=13  session=99  topic=trazo_linea_h
2026-05-28 19:02:12 [olibot.pipeline] INFO: → NLU: intent=express_emotion  conf=0.83  entities={}
2026-05-28 19:02:12 [olibot.pipeline] INFO: → BDI: action=acknowledge_emotion  is_correct=None  next_topic=None
2026-05-28 19:02:12 [olibot.pipeline] INFO: → RESP (0.3s) shield=False  '¡Tú puedes! 💪'
2026-05-28 19:02:17 [olibot.pipeline] INFO: ← msg='es así de pesado siempre'  student=13  session=99  topic=trazo_linea_h
2026-05-28 19:02:17 [olibot.pipeline] INFO: → NLU: intent=express_emotion  conf=1.00  entities={}
2026-05-28 19:02:17 [olibot.pipeline] INFO: → BDI: action=acknowledge_emotion  is_correct=None  next_topic=None
2026-05-28 19:02:17 [olibot.pipeline] INFO: → RESP (0.8s) shield=False  '¡Bien! 💪'
2026-05-28 19:02:21 [olibot.pipeline] INFO: ← msg='no quiero hacerlo'  student=13  session=99  topic=trazo_linea_h
2026-05-28 19:02:21 [olibot.pipeline] INFO: → NLU: intent=express_emotion  conf=0.83  entities={}
2026-05-28 19:02:21 [olibot.pipeline] INFO: → BDI: action=acknowledge_emotion  is_correct=None  next_topic=None
2026-05-28 19:02:21 [olibot.pipeline] INFO: → RESP (0.2s) shield=False  '¡Tú puedes! 💪'
2026-05-28 19:02:24 [olibot.pipeline] INFO: ← msg='que no'  student=13  session=99  topic=trazo_linea_h
2026-05-28 19:02:25 [olibot.pipeline] INFO: → NLU: intent=express_emotion  conf=1.00  entities={}
2026-05-28 19:02:25 [olibot.pipeline] INFO: → BDI: action=acknowledge_emotion  is_correct=None  next_topic=None
2026-05-28 19:02:25 [olibot.pipeline] INFO: → RESP (0.9s) shield=False  '¡Ánimo! 🌟'
2026-05-28 19:02:27 [olibot.pipeline] INFO: ← msg='que no'  student=13  session=99  topic=trazo_linea_h
2026-05-28 19:02:27 [olibot.pipeline] INFO: → NLU: intent=express_emotion  conf=1.00  entities={}
2026-05-28 19:02:28 [olibot.pipeline] INFO: → BDI: action=acknowledge_emotion  is_correct=None  next_topic=None
2026-05-28 19:02:28 [olibot.pipeline] INFO: → RESP (0.8s) shield=False  '¡Bien! 💪'
2026-05-28 19:02:30 [olibot.pipeline] INFO: ← msg='que no'  student=13  session=99  topic=trazo_linea_h
2026-05-28 19:02:31 [olibot.pipeline] INFO: → NLU: intent=express_emotion  conf=1.00  entities={}
2026-05-28 19:02:31 [olibot.pipeline] INFO: → BDI: action=acknowledge_emotion  is_correct=None  next_topic=None
2026-05-28 19:02:31 [olibot.pipeline] INFO: → RESP (0.8s) shield=False  '¡Bien! 💪'
2026-05-28 19:02:33 [olibot.pipeline] INFO: ← msg='vete a tomar por culo'  student=13  session=99  topic=trazo_linea_h
2026-05-28 19:02:34 [olibot.pipeline] INFO: → NLU: intent=unknown  conf=0.00  entities={}
2026-05-28 19:02:34 [olibot.pipeline] INFO: → BDI: action=redirect  is_correct=None  next_topic=None
2026-05-28 19:02:35 [olibot.pipeline] INFO: → RESP (1.7s) shield=False  'Lo siento, Julian. 😔 No vamos a hablar de eso. Vamos a dibujar algo divertido...'
2026-05-28 19:02:44 [olibot.pipeline] INFO: ← msg='quiero hacer una casa'  student=13  session=99  topic=trazo_linea_h
2026-05-28 19:02:44 [olibot.pipeline] INFO: → NLU: intent=free_drawing  conf=0.88  entities={}
2026-05-28 19:02:44 [olibot.pipeline] INFO: → BDI: action=start_free_drawing  is_correct=None  next_topic=None
2026-05-28 19:02:44 [olibot.pipeline] INFO: → RESP (0.6s) shield=False  '¡Vamos a dibujar! 🏠'
2026-05-28 19:03:42 [olibot.pipeline] INFO: ← msg='quiero jugar a los niños ha pillado esto'  student=13  session=99  topic=trazo_linea_h
2026-05-28 19:03:42 [olibot.pipeline] INFO: → NLU: intent=off_topic  conf=0.79  entities={}
2026-05-28 19:03:42 [olibot.pipeline] INFO: → BDI: action=redirect  is_correct=None  next_topic=None
2026-05-28 19:03:43 [olibot.pipeline] INFO: → RESP (0.8s) shield=False  'No, Julian. ¡Vamos a dibujar la casa! 😊'
2026-05-28 19:03:54 [olibot.pipeline] INFO: ← msg='cómo colocar todo'  student=13  session=99  topic=trazo_linea_h
2026-05-28 19:03:55 [olibot.pipeline] INFO: → NLU: intent=greet  conf=0.80  entities={}
2026-05-28 19:03:55 [olibot.pipeline] INFO: → BDI: action=greet_and_propose  is_correct=None  next_topic=None
2026-05-28 19:03:55 [olibot.pipeline] INFO: → RESP (0.9s) shield=False  '¡Genial! 🤖'
2026-05-28 19:04:05 [olibot.pipeline] INFO: ← msg='tener el deseo de dibujar casa quiero pues así como en casa'  student=13  session=99  topic=trazo_linea_h
2026-05-28 19:04:06 [olibot.pipeline] INFO: → NLU: intent=free_drawing  conf=0.88  entities={}
2026-05-28 19:04:06 [olibot.pipeline] INFO: → BDI: action=start_free_drawing  is_correct=None  next_topic=None
2026-05-28 19:04:06 [olibot.pipeline] INFO: → RESP (1.1s) shield=False  '¡Pintemos una puerta! 🚪'
2026-05-28 19:05:10 [olibot.pipeline] INFO: ← msg='hola'  student=13  session=101  topic=trazo_linea_h
2026-05-28 19:05:10 [olibot.pipeline] INFO: → NLU: intent=greet  conf=1.00  entities={}
2026-05-28 19:05:10 [olibot.pipeline] INFO: → BDI: action=greet_and_propose  is_correct=None  next_topic=None
2026-05-28 19:05:10 [olibot.pipeline] INFO: → RESP (0.3s) shield=False  '¡Bien! 🌟'
2026-05-28 19:05:16 [olibot.pipeline] INFO: ← msg='cómo hacer lo que se puede hacer'  student=13  session=101  topic=trazo_linea_h
2026-05-28 19:05:16 [olibot.pipeline] INFO: → NLU: intent=ask_for_hint  conf=0.89  entities={}
2026-05-28 19:05:16 [olibot.pipeline] INFO: → BDI: action=give_hint  is_correct=None  next_topic=None
2026-05-28 19:05:16 [olibot.pipeline] INFO: → RESP (0.3s) shield=False  '¡Mira el punto azul! 🔵'
2026-05-28 19:05:37 [olibot.pipeline] INFO: ← msg='He trazado el trazo LINEA_H y me ha salido bien (100% de acierto)'  student=13  session=102  topic=trazo_linea_h
2026-05-28 19:05:38 [olibot.pipeline] INFO: → NLU: intent=tracing_complete  conf=1.00  entities={'letter': 'LINEA_H', 'passed': True, 'score': 100}
2026-05-28 19:05:38 [olibot.pipeline] INFO: → BDI: action=celebrate_tracing  is_correct=True  next_topic=None
2026-05-28 19:05:38 [olibot.pipeline] INFO: → RESP (1.4s) shield=False  '¡Muy bien! 🎉'
2026-05-28 19:05:45 [olibot.pipeline] INFO: ← msg='y que nunca pasas al siguiente nivel o cómo va esto'  student=13  session=102  topic=trazo_linea_h
2026-05-28 19:05:45 [olibot.pipeline] INFO: → NLU: intent=express_emotion  conf=0.76  entities={}
2026-05-28 19:05:45 [olibot.pipeline] INFO: → BDI: action=acknowledge_emotion  is_correct=None  next_topic=None
2026-05-28 19:05:45 [olibot.pipeline] INFO: → RESP (0.2s) shield=False  '¡Ánimo! 🌟'
2026-05-28 19:05:48 [olibot.pipeline] INFO: ← msg='cuántos'  student=13  session=102  topic=trazo_linea_h
2026-05-28 19:05:49 [olibot.pipeline] INFO: → NLU: intent=unknown  conf=0.50  entities={}
2026-05-28 19:05:49 [olibot.pipeline] INFO: → BDI: action=redirect  is_correct=None  next_topic=None
2026-05-28 19:05:49 [olibot.pipeline] INFO: → RESP (1.3s) shield=False  'Tiene 1 trazo más 🤔'
2026-05-28 19:05:54 [olibot.pipeline] INFO: ← msg='cuánto llevas y cuántos te quedan por ejemplo'  student=13  session=102  topic=trazo_linea_h
2026-05-28 19:05:55 [olibot.pipeline] INFO: → NLU: intent=unknown  conf=0.00  entities={}
2026-05-28 19:05:55 [olibot.pipeline] INFO: → BDI: action=redirect  is_correct=None  next_topic=None
2026-05-28 19:05:55 [olibot.pipeline] INFO: → RESP (1.5s) shield=False  'Poco, muchacho... 💪'
2026-05-28 19:06:00 [olibot.pipeline] INFO: ← msg='pero que un contador de cuántos llevas y cuántos te quedan'  student=13  session=102  topic=trazo_linea_h
2026-05-28 19:06:01 [olibot.pipeline] INFO: → NLU: intent=unknown  conf=0.00  entities={}
2026-05-28 19:06:01 [olibot.pipeline] INFO: → BDI: action=redirect  is_correct=None  next_topic=None
2026-05-28 19:06:01 [olibot.pipeline] INFO: → RESP (1.5s) shield=False  '¡Un reloj! ⏰'
2026-05-28 19:06:04 [olibot.pipeline] INFO: ← msg='entonces se dispara saber o sea porque he estado haciendo'  student=13  session=102  topic=trazo_linea_h
2026-05-28 19:06:05 [olibot.pipeline] INFO: → NLU: intent=off_topic  conf=1.00  entities={}
2026-05-28 19:06:05 [olibot.pipeline] INFO: → BDI: action=redirect  is_correct=None  next_topic=None
2026-05-28 19:06:06 [olibot.pipeline] INFO: → RESP (1.5s) shield=False  'Muy listo! 👍'
2026-05-28 19:06:30 [olibot.pipeline] INFO: ← msg='esto no va muy bien no'  student=13  session=102  topic=trazo_linea_h
2026-05-28 19:06:31 [olibot.pipeline] INFO: → NLU: intent=request_topic_change  conf=0.73  entities={}
2026-05-28 19:06:31 [olibot.pipeline] INFO: → BDI: action=offer_alternatives  is_correct=None  next_topic=None
2026-05-28 19:06:31 [olibot.pipeline] INFO: → RESP (0.6s) shield=False  'Vamos a jugar... 😊'
2026-05-28 19:06:37 [olibot.pipeline] INFO: ← msg='corta solo'  student=13  session=102  topic=trazo_linea_h
2026-05-28 19:06:38 [olibot.pipeline] INFO: → NLU: intent=off_topic  conf=1.00  entities={}
2026-05-28 19:06:38 [olibot.pipeline] INFO: → BDI: action=redirect  is_correct=None  next_topic=None
2026-05-28 19:06:38 [olibot.pipeline] INFO: → RESP (1.5s) shield=False  '¡Cortar el trazo! ✂️'
2026-05-28 19:06:41 [olibot.pipeline] INFO: ← msg='no'  student=13  session=102  topic=trazo_linea_h
2026-05-28 19:06:41 [olibot.pipeline] INFO: → NLU: intent=ask_for_hint  conf=0.80  entities={}
2026-05-28 19:06:49 [olibot.pipeline] INFO: → BDI: action=give_hint  is_correct=None  next_topic=None
2026-05-28 19:06:49 [olibot.pipeline] INFO: → RESP (8.2s) shield=False  '¡Mira el punto azul! 🔵'
2026-05-28 19:06:54 [olibot.pipeline] INFO: ← msg='ya he visto el punto azul'  student=13  session=102  topic=trazo_linea_h
2026-05-28 19:06:55 [olibot.pipeline] INFO: → NLU: intent=unknown  conf=0.50  entities={}
2026-05-28 19:06:55 [olibot.pipeline] INFO: → BDI: action=redirect  is_correct=None  next_topic=None
2026-05-28 19:06:56 [olibot.pipeline] INFO: → RESP (1.5s) shield=False  '¿Qué hay ahí? 🤔'
2026-05-28 19:06:58 [olibot.pipeline] INFO: ← msg='uno no'  student=13  session=102  topic=trazo_linea_h
2026-05-28 19:06:59 [olibot.pipeline] INFO: → NLU: intent=attempt_answer  conf=0.80  entities={'answer': 'uno no'}
2026-05-28 19:07:07 [olibot.pipeline] INFO: → BDI: action=evaluate_and_encourage  is_correct=False  next_topic=None
2026-05-28 19:07:07 [olibot.pipeline] INFO: → RESP (9.1s) shield=False  '¡Casi! 💪'
2026-05-28 19:07:12 [olibot.pipeline] INFO: ← msg='He trazado el trazo LINEA_H y me ha salido bien (100% de acierto)'  student=13  session=102  topic=trazo_linea_h
2026-05-28 19:07:13 [olibot.pipeline] INFO: → NLU: intent=tracing_complete  conf=1.00  entities={'letter': 'LINEA_H', 'passed': True, 'score': 100}
2026-05-28 19:07:13 [olibot.pipeline] INFO: → BDI: action=mastery_achieved  is_correct=True  next_topic=trazo_linea_v
2026-05-28 19:07:13 [olibot.pipeline] INFO: → RESP (1.2s) shield=False  '¡Bien! 🌟'
2026-05-28 19:07:31 [olibot.pipeline] INFO: ← msg='yo qué sé'  student=13  session=102  topic=trazo_linea_h
2026-05-28 19:07:31 [olibot.pipeline] INFO: → NLU: intent=unknown  conf=0.80  entities={}
2026-05-28 19:07:31 [olibot.pipeline] INFO: → BDI: action=redirect  is_correct=None  next_topic=None
2026-05-28 19:07:32 [olibot.pipeline] INFO: → RESP (1.4s) shield=False  'Pero yo sí... 😊'
2026-05-28 19:07:41 [olibot.pipeline] INFO: ← msg='está muy verde esto eh'  student=13  session=102  topic=trazo_linea_h
2026-05-28 19:07:41 [olibot.pipeline] INFO: → NLU: intent=express_emotion  conf=0.79  entities={}
2026-05-28 19:07:41 [olibot.pipeline] INFO: → BDI: action=acknowledge_emotion  is_correct=None  next_topic=None
2026-05-28 19:07:41 [olibot.pipeline] INFO: → RESP (0.2s) shield=False  '¡Bien! 💪'
2026-05-28 19:07:59 [olibot.pipeline] INFO: ← msg='vale pues cállate'  student=13  session=102  topic=trazo_linea_h
2026-05-28 19:08:00 [olibot.pipeline] INFO: → NLU: intent=unknown  conf=0.50  entities={}
2026-05-28 19:08:00 [olibot.pipeline] INFO: → BDI: action=redirect  is_correct=None  next_topic=None
2026-05-28 19:08:01 [olibot.pipeline] INFO: → RESP (1.6s) shield=False  'No me callaré... 😊'
2026-05-28 19:08:16 [olibot.pipeline] INFO: ← msg='He intentado trazar el trazo LINEA_H pero necesito practicar más (63%)'  student=13  session=102  topic=trazo_linea_h
2026-05-28 19:08:17 [olibot.pipeline] INFO: → NLU: intent=tracing_complete  conf=1.00  entities={'letter': 'LINEA_H', 'passed': False, 'score': 63}
2026-05-28 19:08:18 [olibot.pipeline] INFO: → BDI: action=encourage_retry_tracing  is_correct=False  next_topic=None
2026-05-28 19:08:18 [olibot.pipeline] INFO: → RESP (1.2s) shield=False  '¡Casi! 💪'
2026-05-28 19:08:25 [olibot.pipeline] INFO: ← msg='estos puntos de enzimas con que lo has hecho'  student=13  session=102  topic=trazo_linea_h
2026-05-28 19:08:26 [olibot.pipeline] INFO: → NLU: intent=unknown  conf=0.50  entities={}
2026-05-28 19:08:26 [olibot.pipeline] INFO: → BDI: action=redirect  is_correct=None  next_topic=None
2026-05-28 19:08:27 [olibot.pipeline] INFO: → RESP (1.3s) shield=False  '¿Qué son los puntos? ❓'
2026-05-28 19:08:39 [olibot.pipeline] INFO: ← msg='ya vale pero eso si hubiese muchos puntos pero con cuatro lo normal es ponerlos todos en la misma distancia no'  student=13  session=102  topic=trazo_linea_h
2026-05-28 19:08:40 [olibot.pipeline] INFO: → NLU: intent=unknown  conf=0.00  entities={}
2026-05-28 19:08:40 [olibot.pipeline] INFO: → BDI: action=redirect  is_correct=None  next_topic=None
2026-05-28 19:08:41 [olibot.pipeline] INFO: → RESP (1.5s) shield=False  '¡Un trazo recto! 👍'
2026-05-28 19:08:52 [olibot.pipeline] INFO: ← msg='vamos'  student=13  session=102  topic=trazo_linea_h
2026-05-28 19:08:53 [olibot.pipeline] INFO: → NLU: intent=greet  conf=1.00  entities={}
2026-05-28 19:08:53 [olibot.pipeline] INFO: → BDI: action=greet_and_propose  is_correct=None  next_topic=None
2026-05-28 19:08:53 [olibot.pipeline] INFO: → RESP (1.0s) shield=False  '¡Genial! 🤖'
2026-05-28 19:08:59 [olibot.pipeline] INFO: ← msg='y aquí'  student=13  session=102  topic=trazo_linea_h
2026-05-28 19:09:00 [olibot.pipeline] INFO: → NLU: intent=unknown  conf=0.80  entities={}
2026-05-28 19:09:00 [olibot.pipeline] INFO: → BDI: action=redirect  is_correct=None  next_topic=None
2026-05-28 19:09:01 [olibot.pipeline] INFO: → RESP (1.4s) shield=False  '¡Un trazo largo! 📏'
2026-05-28 19:09:11 [olibot.pipeline] INFO: ← msg='He trazado el trazo LINEA_H y me ha salido bien (100% de acierto)'  student=13  session=102  topic=trazo_linea_h
2026-05-28 19:09:12 [olibot.pipeline] INFO: → NLU: intent=tracing_complete  conf=1.00  entities={'letter': 'LINEA_H', 'passed': True, 'score': 100}
2026-05-28 19:09:12 [olibot.pipeline] INFO: → BDI: action=celebrate_tracing  is_correct=True  next_topic=None
2026-05-28 19:09:12 [olibot.pipeline] INFO: → RESP (1.3s) shield=False  '¡Muy bien! 🎉'
2026-05-28 19:09:24 [olibot.pipeline] INFO: ← msg='si fuese nos podría hacer'  student=13  session=102  topic=trazo_linea_h
2026-05-28 19:09:24 [olibot.pipeline] INFO: → NLU: intent=request_topic_change  conf=0.76  entities={}
2026-05-28 19:09:24 [olibot.pipeline] INFO: → BDI: action=offer_alternatives  is_correct=None  next_topic=None
2026-05-28 19:09:25 [olibot.pipeline] INFO: → RESP (0.8s) shield=False  'Tú mismo lo hiciste... 😊'
2026-05-28 19:09:29 [olibot.pipeline] INFO: ← msg='listo o qué'  student=13  session=102  topic=trazo_linea_h
2026-05-28 19:09:29 [olibot.pipeline] INFO: → NLU: intent=greet  conf=1.00  entities={}
2026-05-28 19:09:30 [olibot.pipeline] INFO: → BDI: action=greet_and_propose  is_correct=None  next_topic=None
2026-05-28 19:09:30 [olibot.pipeline] INFO: → RESP (1.0s) shield=False  '¡Bien! 🌟'
2026-05-28 19:09:33 [olibot.pipeline] INFO: ← msg='siguiente ejercicio'  student=13  session=102  topic=trazo_linea_h
2026-05-28 19:09:33 [olibot.pipeline] INFO: → NLU: intent=request_topic_change  conf=0.90  entities={'reason': ''}
2026-05-28 19:09:33 [olibot.pipeline] INFO: → BDI: action=offer_alternatives  is_correct=None  next_topic=None
2026-05-28 19:09:34 [olibot.pipeline] INFO: → RESP (1.4s) shield=False  '¿Qué quieres hacer ahora? 😊'
2026-05-28 19:09:46 [olibot.pipeline] INFO: ← msg='hola'  student=13  session=102  topic=trazo_linea_h
2026-05-28 19:09:46 [olibot.pipeline] INFO: → NLU: intent=greet  conf=1.00  entities={}
2026-05-28 19:09:47 [olibot.pipeline] INFO: → BDI: action=greet_and_propose  is_correct=None  next_topic=None
2026-05-28 19:09:47 [olibot.pipeline] INFO: → RESP (0.2s) shield=False  '¡Vamos! 👋'
2026-05-28 19:09:53 [olibot.pipeline] INFO: ← msg='hola'  student=11  session=103  topic=trazo_linea_h
2026-05-28 19:09:53 [olibot.pipeline] INFO: → NLU: intent=greet  conf=1.00  entities={}
2026-05-28 19:09:53 [olibot.pipeline] INFO: → BDI: action=greet_and_propose  is_correct=None  next_topic=None
2026-05-28 19:09:53 [olibot.pipeline] INFO: → RESP (0.2s) shield=False  '¡Genial! 🤖'
2026-05-28 19:10:05 [olibot.pipeline] INFO: ← msg='y los mensajes estos lo dice el bebé y o lo dice el'  student=11  session=103  topic=trazo_linea_h
2026-05-28 19:10:06 [olibot.pipeline] INFO: → NLU: intent=unknown  conf=0.00  entities={}
2026-05-28 19:10:06 [olibot.pipeline] INFO: → BDI: action=redirect  is_correct=None  next_topic=None
2026-05-28 19:10:07 [olibot.pipeline] INFO: → RESP (1.4s) shield=False  'Sí, son como hermanitos 👫'
2026-05-28 19:10:11 [olibot.pipeline] INFO: ← msg='hijos'  student=11  session=103  topic=trazo_linea_h
2026-05-28 19:10:11 [olibot.pipeline] INFO: → NLU: intent=unknown  conf=0.00  entities={}
2026-05-28 19:10:11 [olibot.pipeline] INFO: → BDI: action=redirect  is_correct=None  next_topic=None
2026-05-28 19:10:12 [olibot.pipeline] INFO: → RESP (1.4s) shield=False  'Los hijos dibujan 💡'
2026-05-28 19:10:16 [olibot.pipeline] INFO: ← msg='cómo que los hijos dibujan'  student=11  session=103  topic=trazo_linea_h
2026-05-28 19:10:16 [olibot.pipeline] INFO: → NLU: intent=free_drawing  conf=0.79  entities={}
2026-05-28 19:10:16 [olibot.pipeline] INFO: → BDI: action=start_free_drawing  is_correct=None  next_topic=None
2026-05-28 19:10:16 [olibot.pipeline] INFO: → RESP (0.6s) shield=False  'Dibuja un perro 🐶'
2026-05-28 19:10:32 [olibot.pipeline] INFO: ← msg='He trazado el trazo LINEA_H y me ha salido bien (100% de acierto)'  student=11  session=103  topic=trazo_linea_h
2026-05-28 19:10:34 [olibot.pipeline] INFO: → NLU: intent=tracing_complete  conf=1.00  entities={'letter': 'LINEA_H', 'passed': True, 'score': 100}
2026-05-28 19:10:34 [olibot.pipeline] INFO: → BDI: action=mastery_achieved  is_correct=True  next_topic=trazo_linea_v
2026-05-28 19:10:34 [olibot.pipeline] INFO: → RESP (1.2s) shield=False  '¡Muy bien! 🎉'
2026-05-28 19:13:02 [olibot.pipeline] INFO: ← msg='hola'  student=11  session=103  topic=trazo_linea_h
2026-05-28 19:13:02 [olibot.pipeline] INFO: → NLU: intent=greet  conf=1.00  entities={}
2026-05-28 19:13:02 [olibot.pipeline] INFO: → BDI: action=greet_and_propose  is_correct=None  next_topic=None
2026-05-28 19:13:02 [olibot.pipeline] INFO: → RESP (0.2s) shield=False  '¡Genial! 🤖'
2026-05-28 19:13:26 [olibot.pipeline] INFO: ← msg='el tutorial no dice nada de eso'  student=11  session=104  topic=trazo_linea_v
2026-05-28 19:13:27 [olibot.pipeline] INFO: → NLU: intent=off_topic  conf=0.80  entities={}
2026-05-28 19:13:27 [olibot.pipeline] INFO: → BDI: action=redirect  is_correct=None  next_topic=None
2026-05-28 19:13:28 [olibot.pipeline] INFO: → RESP (1.5s) shield=False  '¡Claro! Empecemos de nuevo.\n\nHola Paco, ¿qué tal? ¡Vamos a dibujar algo divertid'
2026-05-28 19:13:35 [olibot.pipeline] INFO: ← msg='pero qué dices tú otra vez entero'  student=11  session=104  topic=trazo_linea_v
2026-05-28 19:13:35 [olibot.pipeline] INFO: → NLU: intent=off_topic  conf=1.00  entities={}
2026-05-28 19:13:35 [olibot.pipeline] INFO: → BDI: action=redirect  is_correct=None  next_topic=None
2026-05-28 19:13:36 [olibot.pipeline] INFO: → RESP (1.5s) shield=False  'Sí. Dibuja una línea recta azul 🌟'
2026-05-28 19:13:41 [olibot.pipeline] INFO: ← msg='He trazado el trazo LINEA_V y me ha salido bien (100% de acierto)'  student=11  session=104  topic=trazo_linea_v
2026-05-28 19:13:42 [olibot.pipeline] INFO: → NLU: intent=tracing_complete  conf=1.00  entities={'letter': 'LINEA_V', 'passed': True, 'score': 100}
2026-05-28 19:13:42 [olibot.pipeline] INFO: → BDI: action=celebrate_tracing  is_correct=True  next_topic=None
2026-05-28 19:13:42 [olibot.pipeline] INFO: → RESP (1.3s) shield=False  '¡Sí! ⭐'
2026-05-28 19:13:49 [olibot.pipeline] INFO: ← msg='María López que se ha seguido es una restricción muy mala'  student=11  session=104  topic=trazo_linea_v
2026-05-28 19:13:50 [olibot.pipeline] INFO: → NLU: intent=express_emotion  conf=0.90  entities={}
2026-05-28 19:13:50 [olibot.pipeline] INFO: → BDI: action=acknowledge_emotion  is_correct=None  next_topic=None
2026-05-28 19:13:50 [olibot.pipeline] INFO: → RESP (0.9s) shield=False  '¡Ánimo! 🌟'
2026-05-28 19:13:53 [olibot.pipeline] INFO: ← msg='por qué no va fino'  student=11  session=104  topic=trazo_linea_v
2026-05-28 19:13:53 [olibot.pipeline] INFO: → NLU: intent=ask_for_hint  conf=0.81  entities={}
2026-05-28 19:14:01 [olibot.pipeline] INFO: → BDI: action=give_hint  is_correct=None  next_topic=None
2026-05-28 19:14:01 [olibot.pipeline] INFO: → RESP (8.2s) shield=False  '¡Sigue la línea! ➡️'
2026-05-28 19:14:04 [olibot.pipeline] INFO: ← msg='peinarlo todo porque se corta'  student=11  session=104  topic=trazo_linea_v
2026-05-28 19:14:05 [olibot.pipeline] INFO: → NLU: intent=unknown  conf=0.00  entities={}
2026-05-28 19:14:05 [olibot.pipeline] INFO: → BDI: action=redirect  is_correct=None  next_topic=None
2026-05-28 19:14:05 [olibot.pipeline] INFO: → RESP (1.5s) shield=False  'No te preocupes, ¡sigue intentando! 💪'
2026-05-28 19:14:15 [olibot.pipeline] INFO: ← msg='He trazado el trazo LINEA_V y me ha salido bien (100% de acierto)'  student=11  session=104  topic=trazo_linea_v
2026-05-28 19:14:16 [olibot.pipeline] INFO: → NLU: intent=tracing_complete  conf=1.00  entities={'letter': 'LINEA_V', 'passed': True, 'score': 100}
2026-05-28 19:14:16 [olibot.pipeline] INFO: → BDI: action=celebrate_tracing  is_correct=True  next_topic=None
2026-05-28 19:14:16 [olibot.pipeline] INFO: → RESP (1.3s) shield=False  '¡Bien! 🌟'
2026-05-28 19:14:29 [olibot.pipeline] INFO: ← msg='He trazado el trazo LINEA_V y me ha salido bien (100% de acierto)'  student=11  session=104  topic=trazo_linea_v
2026-05-28 19:14:30 [olibot.pipeline] INFO: → NLU: intent=tracing_complete  conf=1.00  entities={'letter': 'LINEA_V', 'passed': True, 'score': 100}
2026-05-28 19:14:30 [olibot.pipeline] INFO: → BDI: action=mastery_achieved  is_correct=True  next_topic=trazo_curva
2026-05-28 19:14:30 [olibot.pipeline] INFO: → RESP (1.1s) shield=False  '¡Bien! 🌟'
2026-05-28 19:14:41 [olibot.pipeline] INFO: ← msg='con Dios'  student=11  session=105  topic=trazo_curva
2026-05-28 19:14:41 [olibot.pipeline] INFO: → NLU: intent=request_topic_change  conf=0.89  entities={}
2026-05-28 19:14:42 [olibot.pipeline] INFO: → BDI: action=offer_alternatives  is_correct=None  next_topic=None
2026-05-28 19:14:42 [olibot.pipeline] INFO: → RESP (0.8s) shield=False  '¡Vamos a jugar! 🎉 ¿Quieres dibujar... 💙🐶?'
2026-05-28 19:15:09 [olibot.pipeline] INFO: ← msg='cuáles son dónde están los cuerpos esto no va nunca o sea cómo voy a hacer 6 meses seguidas y no puedo hacer una'  student=11  session=106  topic=trazo_curva
2026-05-28 19:15:10 [olibot.pipeline] INFO: → NLU: intent=express_emotion  conf=0.90  entities={}
2026-05-28 19:15:10 [olibot.pipeline] INFO: → BDI: action=acknowledge_emotion  is_correct=None  next_topic=None
2026-05-28 19:15:10 [olibot.pipeline] INFO: → RESP (0.9s) shield=False  '¡Ánimo! 🌟'
2026-05-28 19:15:19 [olibot.pipeline] INFO: ← msg='hola'  student=11  session=106  topic=trazo_curva
2026-05-28 19:15:19 [olibot.pipeline] INFO: → NLU: intent=greet  conf=1.00  entities={}
2026-05-28 19:15:19 [olibot.pipeline] INFO: → BDI: action=greet_and_propose  is_correct=None  next_topic=None
2026-05-28 19:15:19 [olibot.pipeline] INFO: → RESP (0.2s) shield=False  '¡Bien! 🌟'
2026-05-28 19:15:26 [olibot.pipeline] INFO: ← msg='hola'  student=11  session=106  topic=trazo_curva
2026-05-28 19:15:26 [olibot.pipeline] INFO: → NLU: intent=greet  conf=1.00  entities={}
2026-05-28 19:15:26 [olibot.pipeline] INFO: → BDI: action=greet_and_propose  is_correct=None  next_topic=None
2026-05-28 19:15:26 [olibot.pipeline] INFO: → RESP (0.2s) shield=False  '¡Vamos! 👋'
2026-05-28 19:15:29 [olibot.pipeline] INFO: ← msg='buenos días'  student=11  session=106  topic=trazo_curva
2026-05-28 19:15:29 [olibot.pipeline] INFO: → NLU: intent=greet  conf=1.00  entities={}
2026-05-28 19:15:29 [olibot.pipeline] INFO: → BDI: action=greet_and_propose  is_correct=None  next_topic=None
2026-05-28 19:15:29 [olibot.pipeline] INFO: → RESP (0.2s) shield=False  '¡Bien! 🌟'
2026-05-28 19:15:32 [olibot.pipeline] INFO: ← msg='buenas tardes'  student=11  session=106  topic=trazo_curva
2026-05-28 19:15:32 [olibot.pipeline] INFO: → NLU: intent=greet  conf=1.00  entities={}
2026-05-28 19:15:32 [olibot.pipeline] INFO: → BDI: action=greet_and_propose  is_correct=None  next_topic=None
2026-05-28 19:15:32 [olibot.pipeline] INFO: → RESP (0.2s) shield=False  '¡Bien! 🌟'
2026-05-28 19:15:36 [olibot.pipeline] INFO: ← msg='quiero hacer una'  student=11  session=106  topic=trazo_curva
2026-05-28 19:15:37 [olibot.pipeline] INFO: → NLU: intent=request_specific_topic  conf=0.80  entities={'requested_topic_id': 'vocal_a'}
2026-05-28 19:15:37 [olibot.pipeline] INFO: → BDI: action=accept_topic_change  is_correct=None  next_topic=None
2026-05-28 19:15:37 [olibot.pipeline] INFO: → RESP (1.3s) shield=False  '¡Genial! 💡'
2026-05-28 19:15:41 [olibot.pipeline] INFO: ← msg='quiero hacer la letra'  student=11  session=106  topic=trazo_curva
2026-05-28 19:15:42 [olibot.pipeline] INFO: → NLU: intent=request_specific_topic  conf=0.90  entities={'requested_topic_id': 'vocal_a'}
2026-05-28 19:15:43 [olibot.pipeline] INFO: → BDI: action=accept_topic_change  is_correct=None  next_topic=None
2026-05-28 19:15:43 [olibot.pipeline] INFO: → RESP (1.8s) shield=False  '¡No, no! 😊 Quieres hacer una curva. ¿Qué es una curva? 🐱'
2026-05-28 19:16:02 [olibot.pipeline] INFO: ← msg='no quieres hacer una curva'  student=11  session=106  topic=trazo_curva
2026-05-28 19:16:03 [olibot.pipeline] INFO: → NLU: intent=off_topic  conf=1.00  entities={}
2026-05-28 19:16:03 [olibot.pipeline] INFO: → BDI: action=redirect  is_correct=None  next_topic=None
2026-05-28 19:16:04 [olibot.pipeline] INFO: → RESP (1.5s) shield=False  'Vamos a ver... ¡Es como un arco de puente! 🌉'
2026-05-28 19:16:13 [olibot.pipeline] INFO: ← msg='todas las pruebas que tú estás haciendo a mí no se me han ocurrido porque yo voy secuencial según lo he puesto yo ya'  student=11  session=106  topic=trazo_curva
2026-05-28 19:16:14 [olibot.pipeline] INFO: → NLU: intent=express_emotion  conf=0.87  entities={}
2026-05-28 19:16:14 [olibot.pipeline] INFO: → BDI: action=acknowledge_emotion  is_correct=None  next_topic=None
2026-05-28 19:16:14 [olibot.pipeline] INFO: → RESP (0.9s) shield=False  '¡Ánimo! 🌟'
2026-05-28 19:16:19 [olibot.pipeline] INFO: ← msg='dónde'  student=11  session=106  topic=trazo_curva
2026-05-28 19:16:20 [olibot.pipeline] INFO: → NLU: intent=off_topic  conf=1.00  entities={}
2026-05-28 19:16:20 [olibot.pipeline] INFO: → BDI: action=redirect  is_correct=None  next_topic=None
2026-05-28 19:16:21 [olibot.pipeline] INFO: → RESP (1.4s) shield=False  '¡Aquí mismo! 👉'
2026-05-28 19:16:50 [olibot.pipeline] INFO: ← msg='adiós'  student=11  session=106  topic=trazo_curva
2026-05-28 19:16:51 [olibot.pipeline] INFO: → NLU: intent=greet  conf=1.00  entities={}
2026-05-28 19:16:51 [olibot.pipeline] INFO: → BDI: action=greet_and_propose  is_correct=None  next_topic=None
2026-05-28 19:16:51 [olibot.pipeline] INFO: → RESP (1.1s) shield=False  '¡Vamos! 👋'
2026-05-28 19:17:33 [olibot.pipeline] INFO: ← msg='y haces planes personalizados o algo'  student=11  session=106  topic=trazo_curva
2026-05-28 19:17:34 [olibot.pipeline] INFO: → NLU: intent=unknown  conf=0.00  entities={}
2026-05-28 19:17:34 [olibot.pipeline] INFO: → BDI: action=redirect  is_correct=None  next_topic=None
2026-05-28 19:17:34 [olibot.pipeline] INFO: → RESP (1.5s) shield=False  '¡Sí, sí! 💡 Lo tengo todo listo. ¿Estás listo tú? 🐱'
2026-05-28 19:17:49 [olibot.pipeline] INFO: ← msg='3 años las líneas 4 años las vocales es el plan que hay en la Comunidad Valenciana'  student=11  session=106  topic=trazo_curva
2026-05-28 19:17:50 [olibot.pipeline] INFO: → NLU: intent=greet  conf=0.80  entities={}
2026-05-28 19:17:50 [olibot.pipeline] INFO: → BDI: action=greet_and_propose  is_correct=None  next_topic=None
2026-05-28 19:17:50 [olibot.pipeline] INFO: → RESP (1.1s) shield=False  '¡Vamos! 👋'
2026-05-28 19:18:17 [olibot.pipeline] INFO: ← msg='hola'  student=11  session=106  topic=trazo_curva
2026-05-28 19:18:17 [olibot.pipeline] INFO: → NLU: intent=greet  conf=1.00  entities={}
2026-05-28 19:18:17 [olibot.pipeline] INFO: → BDI: action=greet_and_propose  is_correct=None  next_topic=None
2026-05-28 19:18:17 [olibot.pipeline] INFO: → RESP (0.2s) shield=False  '¡Vamos! 👋'
2026-05-28 19:18:20 [olibot.pipeline] INFO: ← msg='pero para qué'  student=11  session=106  topic=trazo_curva
2026-05-28 19:18:20 [olibot.pipeline] INFO: → NLU: intent=request_topic_change  conf=0.73  entities={}
2026-05-28 19:18:20 [olibot.pipeline] INFO: → BDI: action=offer_alternatives  is_correct=None  next_topic=None
2026-05-28 19:18:21 [olibot.pipeline] INFO: → RESP (0.7s) shield=False  '¡Para dibujar! 🎨'
2026-05-28 19:18:27 [olibot.pipeline] INFO: ← msg='hola'  student=13  session=107  topic=trazo_linea_h
2026-05-28 19:18:27 [olibot.pipeline] INFO: → NLU: intent=greet  conf=1.00  entities={}
2026-05-28 19:18:27 [olibot.pipeline] INFO: → BDI: action=greet_and_propose  is_correct=None  next_topic=None
2026-05-28 19:18:27 [olibot.pipeline] INFO: → RESP (0.2s) shield=False  '¡Vamos! 👋'
2026-05-28 19:18:31 [olibot.pipeline] INFO: ← msg='Julián Julián dice Julián'  student=13  session=107  topic=trazo_linea_h
2026-05-28 19:18:32 [olibot.pipeline] INFO: → NLU: intent=greet  conf=1.00  entities={}
2026-05-28 19:18:32 [olibot.pipeline] INFO: → BDI: action=greet_and_propose  is_correct=None  next_topic=None
2026-05-28 19:18:32 [olibot.pipeline] INFO: → RESP (1.0s) shield=False  '¡Genial! 🤖'
2026-05-28 19:18:38 [olibot.pipeline] INFO: ← msg='He intentado trazar el trazo LINEA_H pero necesito practicar más (75%)'  student=13  session=107  topic=trazo_linea_h
2026-05-28 19:18:39 [olibot.pipeline] INFO: → NLU: intent=tracing_complete  conf=1.00  entities={'letter': 'LINEA_H', 'passed': False, 'score': 75}
2026-05-28 19:18:39 [olibot.pipeline] INFO: → BDI: action=encourage_retry_tracing  is_correct=False  next_topic=None
2026-05-28 19:18:39 [olibot.pipeline] INFO: → RESP (1.1s) shield=False  '¡Tú puedes! 💪'
2026-05-28 19:18:42 [olibot.pipeline] INFO: ← msg='He intentado trazar el trazo LINEA_H pero necesito practicar más (63%)'  student=13  session=107  topic=trazo_linea_h
2026-05-28 19:18:43 [olibot.pipeline] INFO: → NLU: intent=tracing_complete  conf=1.00  entities={'letter': 'LINEA_H', 'passed': False, 'score': 63}
2026-05-28 19:18:43 [olibot.pipeline] INFO: → BDI: action=encourage_retry_tracing  is_correct=False  next_topic=None
2026-05-28 19:18:43 [olibot.pipeline] INFO: → RESP (1.1s) shield=False  '¡Otra vez! 💪'
2026-05-28 19:19:15 [olibot.pipeline] INFO: ← msg='muchas gracias'  student=13  session=107  topic=trazo_linea_h
2026-05-28 19:19:16 [olibot.pipeline] INFO: → NLU: intent=greet  conf=1.00  entities={}
2026-05-28 19:19:16 [olibot.pipeline] INFO: → BDI: action=greet_and_propose  is_correct=None  next_topic=None
2026-05-28 19:19:16 [olibot.pipeline] INFO: → RESP (0.9s) shield=False  '¡Bien! 🌟'
2026-05-28 19:19:24 [olibot.pipeline] INFO: ← msg='muchas gracias'  student=13  session=107  topic=trazo_linea_h
2026-05-28 19:19:25 [olibot.pipeline] INFO: → NLU: intent=greet  conf=1.00  entities={}
2026-05-28 19:19:25 [olibot.pipeline] INFO: → BDI: action=greet_and_propose  is_correct=None  next_topic=None
2026-05-28 19:19:25 [olibot.pipeline] INFO: → RESP (0.8s) shield=False  '¡Vamos! 👋'
2026-05-28 19:19:38 [olibot.pipeline] INFO: ← msg='no la mía la tengo yo'  student=13  session=107  topic=trazo_linea_h
2026-05-28 19:19:39 [olibot.pipeline] INFO: → NLU: intent=ask_for_hint  conf=0.75  entities={}
2026-05-28 19:19:39 [olibot.pipeline] INFO: → BDI: action=give_hint  is_correct=None  next_topic=None
2026-05-28 19:19:39 [olibot.pipeline] INFO: → RESP (0.2s) shield=False  '¡Mira el punto azul! 🔵'
2026-05-28 19:19:52 [olibot.pipeline] INFO: ← msg='y por qué empieza aquí'  student=13  session=107  topic=trazo_linea_h
2026-05-28 19:19:52 [olibot.pipeline] INFO: → NLU: intent=ask_for_hint  conf=0.86  entities={}
2026-05-28 19:19:52 [olibot.pipeline] INFO: → BDI: action=give_hint  is_correct=None  next_topic=None
2026-05-28 19:19:52 [olibot.pipeline] INFO: → RESP (0.2s) shield=False  '¡Mira el punto azul! 🔵'
2026-05-28 19:19:57 [olibot.pipeline] INFO: ← msg='hola'  student=9  session=108  topic=trazo_linea_v
2026-05-28 19:19:57 [olibot.pipeline] INFO: → NLU: intent=greet  conf=1.00  entities={}
2026-05-28 19:19:57 [olibot.pipeline] INFO: → BDI: action=greet_and_propose  is_correct=None  next_topic=None
2026-05-28 19:19:57 [olibot.pipeline] INFO: → RESP (0.2s) shield=False  '¡Bien! 🌟'
2026-05-28 19:20:46 [olibot.pipeline] INFO: ← msg='hombre uno de 5 años y 1,6 también'  student=9  session=110  topic=trazo_linea_v
2026-05-28 19:20:47 [olibot.pipeline] INFO: → NLU: intent=unknown  conf=0.00  entities={}
2026-05-28 19:20:47 [olibot.pipeline] INFO: → BDI: action=redirect  is_correct=None  next_topic=None
2026-05-28 19:20:48 [olibot.pipeline] INFO: → RESP (1.4s) shield=False  '¡No! 🚫 Esta vez es tu turno. ¿Qué trazo haces? 💙'
2026-05-28 19:20:53 [olibot.pipeline] INFO: ← msg='pon mazacote'  student=9  session=110  topic=trazo_linea_v
2026-05-28 19:20:54 [olibot.pipeline] INFO: → NLU: intent=unknown  conf=0.50  entities={}
2026-05-28 19:20:54 [olibot.pipeline] INFO: → BDI: action=redirect  is_correct=None  next_topic=None
2026-05-28 19:20:54 [olibot.pipeline] INFO: → RESP (1.4s) shield=False  '¿Qué es un mazacote? 🐴'
2026-05-28 19:21:00 [olibot.pipeline] INFO: ← msg='y por qué eso sí que ha contestado'  student=9  session=110  topic=trazo_linea_v
2026-05-28 19:21:01 [olibot.pipeline] INFO: → NLU: intent=express_emotion  conf=0.72  entities={}
2026-05-28 19:21:01 [olibot.pipeline] INFO: → BDI: action=acknowledge_emotion  is_correct=None  next_topic=None
2026-05-28 19:21:01 [olibot.pipeline] INFO: → RESP (0.2s) shield=False  '¡Bien! 💪'
2026-05-28 19:24:37 [olibot.pipeline] INFO: ← msg='hola'  student=14  session=111  topic=trazo_linea_h
2026-05-28 19:24:37 [olibot.pipeline] INFO: → NLU: intent=greet  conf=1.00  entities={}
2026-05-28 19:24:38 [olibot.pipeline] INFO: → BDI: action=greet_and_propose  is_correct=None  next_topic=None
2026-05-28 19:24:38 [olibot.pipeline] INFO: → RESP (0.3s) shield=False  '¡Genial! 🤖'
2026-05-28 19:24:49 [olibot.pipeline] INFO: ← msg='es que no sé cuánto queda para que se calle'  student=14  session=111  topic=trazo_linea_h
2026-05-28 19:24:49 [olibot.pipeline] INFO: → NLU: intent=ask_for_hint  conf=0.77  entities={}
2026-05-28 19:24:49 [olibot.pipeline] INFO: → BDI: action=give_hint  is_correct=None  next_topic=None
2026-05-28 19:24:49 [olibot.pipeline] INFO: → RESP (0.2s) shield=False  '¡Mira el punto azul! 🔵'
2026-05-28 19:24:57 [olibot.pipeline] INFO: ← msg='He trazado el trazo LINEA_H y me ha salido bien (100% de acierto)'  student=14  session=111  topic=trazo_linea_h
2026-05-28 19:24:58 [olibot.pipeline] INFO: → NLU: intent=tracing_complete  conf=1.00  entities={'letter': 'LINEA_H', 'passed': True, 'score': 100}
2026-05-28 19:24:58 [olibot.pipeline] INFO: → BDI: action=celebrate_tracing  is_correct=True  next_topic=None
2026-05-28 19:24:58 [olibot.pipeline] INFO: → RESP (1.2s) shield=False  '¡Muy bien! 🎉'
2026-05-28 19:25:04 [olibot.pipeline] INFO: ← msg='He trazado el trazo LINEA_H y me ha salido bien (100% de acierto)'  student=14  session=111  topic=trazo_linea_h
2026-05-28 19:25:05 [olibot.pipeline] INFO: → NLU: intent=tracing_complete  conf=1.00  entities={'letter': 'LINEA_H', 'passed': True, 'score': 100}
2026-05-28 19:25:05 [olibot.pipeline] INFO: → BDI: action=celebrate_tracing  is_correct=True  next_topic=None
2026-05-28 19:25:05 [olibot.pipeline] INFO: → RESP (1.0s) shield=False  '¡Bien! 🌟'
2026-05-28 19:25:20 [olibot.pipeline] INFO: ← msg='quiero poner'  student=14  session=111  topic=trazo_linea_h
2026-05-28 19:25:20 [olibot.pipeline] INFO: → NLU: intent=free_drawing  conf=0.78  entities={}
2026-05-28 19:25:20 [olibot.pipeline] INFO: → BDI: action=start_free_drawing  is_correct=None  next_topic=None
2026-05-28 19:25:20 [olibot.pipeline] INFO: → RESP (0.7s) shield=False  'Un gato 😺'
2026-05-28 19:25:42 [olibot.pipeline] INFO: ← msg='He trazado el trazo LINEA_H y me ha salido bien (100% de acierto)'  student=14  session=112  topic=trazo_linea_h
2026-05-28 19:25:44 [olibot.pipeline] INFO: → NLU: intent=tracing_complete  conf=1.00  entities={'letter': 'LINEA_H', 'passed': True, 'score': 100}
2026-05-28 19:25:44 [olibot.pipeline] INFO: → BDI: action=mastery_achieved  is_correct=True  next_topic=trazo_linea_v
2026-05-28 19:25:44 [olibot.pipeline] INFO: → RESP (1.3s) shield=False  '¡Sí! ⭐'
2026-05-28 19:26:05 [olibot.pipeline] INFO: ← msg='He trazado el trazo LINEA_V y me ha salido bien (100% de acierto)'  student=14  session=113  topic=trazo_linea_v
2026-05-28 19:26:06 [olibot.pipeline] INFO: → NLU: intent=tracing_complete  conf=1.00  entities={'letter': 'LINEA_V', 'passed': True, 'score': 100}
2026-05-28 19:26:07 [olibot.pipeline] INFO: → BDI: action=celebrate_tracing  is_correct=True  next_topic=None
2026-05-28 19:26:07 [olibot.pipeline] INFO: → RESP (1.1s) shield=False  '¡Muy bien! 🎉'
2026-05-28 19:26:20 [olibot.pipeline] INFO: ← msg='y cuál es el sentido de los puntos'  student=14  session=113  topic=trazo_linea_v
2026-05-28 19:26:21 [olibot.pipeline] INFO: → NLU: intent=placement_answer  conf=0.95  entities={'answer': 'el sentido de los puntos'}
2026-05-28 19:26:21 [olibot.pipeline] INFO: → BDI: action=placement_test_continue  is_correct=None  next_topic=None
2026-05-28 19:26:22 [olibot.pipeline] INFO: → RESP (1.5s) shield=False  'Puntos: arriba-abajo 👉️'
2026-05-28 19:26:27 [olibot.pipeline] INFO: ← msg='He trazado el trazo LINEA_V y me ha salido bien (100% de acierto)'  student=14  session=113  topic=trazo_linea_v
2026-05-28 19:26:28 [olibot.pipeline] INFO: → NLU: intent=tracing_complete  conf=1.00  entities={'letter': 'LINEA_V', 'passed': True, 'score': 100}
2026-05-28 19:26:28 [olibot.pipeline] INFO: → BDI: action=celebrate_tracing  is_correct=True  next_topic=None
2026-05-28 19:26:28 [olibot.pipeline] INFO: → RESP (1.3s) shield=False  '¡Sí! ⭐'
2026-05-28 19:26:37 [olibot.pipeline] INFO: ← msg='He trazado el trazo LINEA_V y me ha salido bien (100% de acierto)'  student=14  session=113  topic=trazo_linea_v
2026-05-28 19:26:38 [olibot.pipeline] INFO: → NLU: intent=tracing_complete  conf=1.00  entities={'letter': 'LINEA_V', 'passed': True, 'score': 100}
2026-05-28 19:26:38 [olibot.pipeline] INFO: → BDI: action=mastery_achieved  is_correct=True  next_topic=trazo_curva
2026-05-28 19:26:38 [olibot.pipeline] INFO: → RESP (1.0s) shield=False  '¡Sí! ⭐'
2026-05-28 19:27:35 [olibot.pipeline] INFO: ← msg='controlar que hable y que funcione'  student=14  session=114  topic=trazo_curva
2026-05-28 19:27:36 [olibot.pipeline] INFO: → NLU: intent=off_topic  conf=1.00  entities={}
2026-05-28 19:27:36 [olibot.pipeline] INFO: → BDI: action=redirect  is_correct=None  next_topic=None
2026-05-28 19:27:36 [olibot.pipeline] INFO: → RESP (1.3s) shield=False  '¡Bien hecho! 🤖'
2026-05-28 19:27:49 [olibot.pipeline] INFO: ← msg='hola'  student=14  session=114  topic=trazo_curva
2026-05-28 19:27:49 [olibot.pipeline] INFO: → NLU: intent=greet  conf=1.00  entities={}
2026-05-28 19:27:49 [olibot.pipeline] INFO: → BDI: action=greet_and_propose  is_correct=None  next_topic=None
2026-05-28 19:27:49 [olibot.pipeline] INFO: → RESP (0.2s) shield=False  '¡Genial! 🤖'
2026-05-28 19:28:08 [olibot.pipeline] INFO: ← msg='He trazado el trazo CURVA y me ha salido bien (100% de acierto)'  student=14  session=114  topic=trazo_curva
2026-05-28 19:28:09 [olibot.pipeline] INFO: → NLU: intent=tracing_complete  conf=1.00  entities={'letter': 'CURVA', 'passed': True, 'score': 100}
2026-05-28 19:28:09 [olibot.pipeline] INFO: → BDI: action=celebrate_tracing  is_correct=True  next_topic=None
2026-05-28 19:28:09 [olibot.pipeline] INFO: → RESP (1.3s) shield=False  '¡Bien! 🌟'
2026-05-28 19:28:34 [olibot.pipeline] INFO: ← msg='He trazado el trazo CURVA y me ha salido bien (100% de acierto)'  student=14  session=114  topic=trazo_curva
2026-05-28 19:28:35 [olibot.pipeline] INFO: → NLU: intent=tracing_complete  conf=1.00  entities={'letter': 'CURVA', 'passed': True, 'score': 100}
2026-05-28 19:28:35 [olibot.pipeline] INFO: → BDI: action=celebrate_tracing  is_correct=True  next_topic=None
2026-05-28 19:28:35 [olibot.pipeline] INFO: → RESP (1.1s) shield=False  '¡Muy bien! 🎉'
2026-05-28 19:29:02 [olibot.pipeline] INFO: ← msg='He trazado el trazo CURVA y me ha salido bien (100% de acierto)'  student=14  session=114  topic=trazo_curva
2026-05-28 19:29:03 [olibot.pipeline] INFO: → NLU: intent=tracing_complete  conf=1.00  entities={'letter': 'CURVA', 'passed': True, 'score': 100}
2026-05-28 19:29:04 [olibot.pipeline] INFO: → BDI: action=mastery_achieved  is_correct=True  next_topic=trazo_zigzag
2026-05-28 19:29:04 [olibot.pipeline] INFO: → RESP (1.1s) shield=False  '¡Muy bien! 🎉'
2026-05-28 19:29:42 [olibot.pipeline] INFO: ← msg='He trazado el trazo ZIGZAG y me ha salido bien (100% de acierto)'  student=14  session=115  topic=trazo_zigzag
2026-05-28 19:29:43 [olibot.pipeline] INFO: → NLU: intent=tracing_complete  conf=1.00  entities={'letter': 'ZIGZAG', 'passed': True, 'score': 100}
2026-05-28 19:29:43 [olibot.pipeline] INFO: → BDI: action=celebrate_tracing  is_correct=True  next_topic=None
2026-05-28 19:29:43 [olibot.pipeline] INFO: → RESP (1.1s) shield=False  '¡Muy bien! 🎉'
2026-05-28 19:30:38 [olibot.pipeline] INFO: ← msg='He trazado el trazo ZIGZAG y me ha salido bien (100% de acierto)'  student=14  session=115  topic=trazo_zigzag
2026-05-28 19:30:39 [olibot.pipeline] INFO: → NLU: intent=tracing_complete  conf=1.00  entities={'letter': 'ZIGZAG', 'passed': True, 'score': 100}
2026-05-28 19:30:39 [olibot.pipeline] INFO: → BDI: action=celebrate_tracing  is_correct=True  next_topic=None
2026-05-28 19:30:39 [olibot.pipeline] INFO: → RESP (1.1s) shield=False  '¡Sí! ⭐'
2026-05-28 19:31:45 [olibot.pipeline] INFO: ← msg='llama al 666 le pondría tres y me cargaba'  student=14  session=115  topic=trazo_zigzag
2026-05-28 19:31:46 [olibot.pipeline] INFO: → NLU: intent=unknown  conf=0.00  entities={}
2026-05-28 19:31:46 [olibot.pipeline] INFO: → BDI: action=redirect  is_correct=None  next_topic=None
2026-05-28 19:31:46 [olibot.pipeline] INFO: → RESP (1.3s) shield=False  '¡Lo siento! 😐 ¿Quieres trazar otro zigzag? 🎨'
2026-05-28 19:32:30 [olibot.pipeline] INFO: ← msg='hola'  student=14  session=116  topic=trazo_zigzag
2026-05-28 19:32:31 [olibot.pipeline] INFO: → NLU: intent=greet  conf=1.00  entities={}
2026-05-28 19:32:31 [olibot.pipeline] INFO: → BDI: action=greet_and_propose  is_correct=None  next_topic=None
2026-05-28 19:32:31 [olibot.pipeline] INFO: → RESP (0.3s) shield=False  '¡Bien! 🌟'
2026-05-28 19:32:44 [olibot.pipeline] INFO: ← msg='He intentado trazar el trazo ANGULO pero necesito practicar más (70%)'  student=14  session=117  topic=trazo_angulo
2026-05-28 19:32:46 [olibot.pipeline] INFO: → NLU: intent=tracing_complete  conf=1.00  entities={'letter': 'ANGULO', 'passed': False, 'score': 70}
2026-05-28 19:32:46 [olibot.pipeline] INFO: → BDI: action=encourage_retry_tracing  is_correct=False  next_topic=None
2026-05-28 19:32:46 [olibot.pipeline] INFO: → RESP (1.3s) shield=False  '¡Otra vez! 💪'
2026-05-28 19:33:07 [olibot.pipeline] INFO: ← msg='He trazado el trazo ANGULO y me ha salido bien (100% de acierto)'  student=14  session=117  topic=trazo_angulo
2026-05-28 19:33:08 [olibot.pipeline] INFO: → NLU: intent=tracing_complete  conf=1.00  entities={'letter': 'ANGULO', 'passed': True, 'score': 100}
2026-05-28 19:33:08 [olibot.pipeline] INFO: → BDI: action=celebrate_tracing  is_correct=True  next_topic=None
2026-05-28 19:33:08 [olibot.pipeline] INFO: → RESP (1.1s) shield=False  '¡Sí! ⭐'
2026-05-28 19:33:29 [olibot.pipeline] INFO: ← msg='He trazado el trazo ANGULO y me ha salido bien (100% de acierto)'  student=14  session=117  topic=trazo_angulo
2026-05-28 19:33:30 [olibot.pipeline] INFO: → NLU: intent=tracing_complete  conf=1.00  entities={'letter': 'ANGULO', 'passed': True, 'score': 100}
2026-05-28 19:33:30 [olibot.pipeline] INFO: → BDI: action=mastery_achieved  is_correct=True  next_topic=trazo_zigzag
2026-05-28 19:33:30 [olibot.pipeline] INFO: → RESP (1.1s) shield=False  '¡Bien! 🌟'
2026-05-28 19:34:52 [olibot.pipeline] INFO: ← msg='He trazado el trazo CIRCULO y me ha salido bien (100% de acierto)'  student=14  session=120  topic=trazo_circulo
2026-05-28 19:34:53 [olibot.pipeline] INFO: → NLU: intent=tracing_complete  conf=1.00  entities={'letter': 'CIRCULO', 'passed': True, 'score': 100}
2026-05-28 19:34:53 [olibot.pipeline] INFO: → BDI: action=celebrate_tracing  is_correct=True  next_topic=None
2026-05-28 19:34:53 [olibot.pipeline] INFO: → RESP (1.1s) shield=False  '¡Bien! 🌟'
2026-05-28 19:35:25 [olibot.pipeline] INFO: ← msg='He trazado el trazo CIRCULO y me ha salido bien (100% de acierto)'  student=14  session=120  topic=trazo_circulo
2026-05-28 19:35:26 [olibot.pipeline] INFO: → NLU: intent=tracing_complete  conf=1.00  entities={'letter': 'CIRCULO', 'passed': True, 'score': 100}
2026-05-28 19:35:26 [olibot.pipeline] INFO: → BDI: action=celebrate_tracing  is_correct=True  next_topic=None
2026-05-28 19:35:26 [olibot.pipeline] INFO: → RESP (1.1s) shield=False  '¡Sí! ⭐'
2026-05-28 19:35:40 [olibot.pipeline] INFO: ← msg='tres tandas de 3'  student=14  session=120  topic=trazo_circulo
2026-05-28 19:35:40 [olibot.pipeline] INFO: → NLU: intent=unknown  conf=0.50  entities={}
2026-05-28 19:35:40 [olibot.pipeline] INFO: → BDI: action=redirect  is_correct=None  next_topic=None
2026-05-28 19:35:41 [olibot.pipeline] INFO: → RESP (1.2s) shield=False  '¿Qué pasa si haz tres círculos? 😊'
2026-05-28 19:36:26 [olibot.pipeline] INFO: ← msg='He trazado el trazo CIRCULO y me ha salido bien (100% de acierto)'  student=14  session=120  topic=trazo_circulo
2026-05-28 19:36:27 [olibot.pipeline] INFO: → NLU: intent=tracing_complete  conf=1.00  entities={'letter': 'CIRCULO', 'passed': True, 'score': 100}
2026-05-28 19:36:28 [olibot.pipeline] INFO: → BDI: action=mastery_achieved  is_correct=True  next_topic=trazo_zigzag
2026-05-28 19:36:28 [olibot.pipeline] INFO: → RESP (1.3s) shield=False  '¡Bien! 🌟'
2026-05-28 19:37:00 [olibot.pipeline] INFO: ← msg='He trazado el trazo ANGULO y me ha salido bien (100% de acierto)'  student=14  session=123  topic=trazo_angulo
2026-05-28 19:37:01 [olibot.pipeline] INFO: → NLU: intent=tracing_complete  conf=1.00  entities={'letter': 'ANGULO', 'passed': True, 'score': 100}
2026-05-28 19:37:01 [olibot.pipeline] INFO: → BDI: action=mastery_achieved  is_correct=True  next_topic=trazo_zigzag
2026-05-28 19:37:01 [olibot.pipeline] INFO: → RESP (1.1s) shield=False  '¡Bien! 🌟'
2026-05-28 19:37:26 [olibot.pipeline] INFO: ← msg='He trazado el trazo ANGULO y me ha salido bien (100% de acierto)'  student=14  session=125  topic=trazo_angulo
2026-05-28 19:37:27 [olibot.pipeline] INFO: → NLU: intent=tracing_complete  conf=1.00  entities={'letter': 'ANGULO', 'passed': True, 'score': 100}
2026-05-28 19:37:27 [olibot.pipeline] INFO: → BDI: action=mastery_achieved  is_correct=True  next_topic=trazo_zigzag
2026-05-28 19:37:27 [olibot.pipeline] INFO: → RESP (1.1s) shield=False  '¡Muy bien! 🎉'
2026-05-28 19:37:48 [olibot.pipeline] INFO: ← msg='He trazado el trazo ZIGZAG y me ha salido bien (100% de acierto)'  student=14  session=127  topic=trazo_zigzag
2026-05-28 19:37:49 [olibot.pipeline] INFO: → NLU: intent=tracing_complete  conf=1.00  entities={'letter': 'ZIGZAG', 'passed': True, 'score': 100}
2026-05-28 19:37:49 [olibot.pipeline] INFO: → BDI: action=mastery_achieved  is_correct=True  next_topic=trazo_angulo
2026-05-28 19:37:49 [olibot.pipeline] INFO: → RESP (1.1s) shield=False  '¡Bien! 🌟'
2026-05-28 19:39:48 [olibot.pipeline] INFO: ← msg='hola'  student=15  session=129  topic=trazo_linea_h
2026-05-28 19:39:48 [olibot.pipeline] INFO: ← msg='hola'  student=15  session=130  topic=trazo_linea_h
2026-05-28 19:39:48 [olibot.pipeline] INFO: → NLU: intent=greet  conf=1.00  entities={}
2026-05-28 19:39:48 [olibot.pipeline] INFO: → NLU: intent=greet  conf=1.00  entities={}
2026-05-28 19:39:48 [olibot.pipeline] INFO: → BDI: action=greet_and_propose  is_correct=None  next_topic=None
2026-05-28 19:39:48 [olibot.pipeline] INFO: → RESP (0.4s) shield=False  '¡Vamos a practicar juntos! 🌈'
2026-05-28 19:39:48 [olibot.pipeline] INFO: → BDI: action=greet_and_propose  is_correct=None  next_topic=None
2026-05-28 19:39:48 [olibot.pipeline] INFO: → RESP (0.4s) shield=False  '¡Vamos a practicar juntos! 🌈'
2026-05-28 19:40:24 [olibot.pipeline] INFO: ← msg='hola'  student=16  session=131  topic=trazo_linea_h
2026-05-28 19:40:24 [olibot.pipeline] INFO: → NLU: intent=greet  conf=1.00  entities={}
2026-05-28 19:40:25 [olibot.pipeline] INFO: → BDI: action=greet_and_propose  is_correct=None  next_topic=None
2026-05-28 19:40:25 [olibot.pipeline] INFO: → RESP (0.3s) shield=False  '¡Muy bien! Hoy aprenderemos cosas nuevas 🎉'
2026-05-29 10:51:09 [olibot.pipeline] INFO: ← msg='hola'  student=1  session=1  topic=trazo_linea_h
2026-05-29 10:51:11 [olibot.pipeline] INFO: → NLU: intent=greet  conf=1.00  entities={}
2026-05-29 10:51:11 [olibot.pipeline] INFO: → BDI: action=greet_and_propose  is_correct=None  next_topic=None
2026-05-29 10:51:11 [olibot.pipeline] INFO: → RESP (1.6s) shield=False  '¡Vamos! 👋'
2026-05-29 10:51:54 [olibot.pipeline] INFO: ← msg='He trazado el trazo LINEA_H y me ha salido bien (100% de acierto)'  student=1  session=1  topic=trazo_linea_h
2026-05-29 10:52:11 [olibot.pipeline] INFO: → NLU: intent=tracing_complete  conf=1.00  entities={'letter': 'LINEA_H', 'passed': True, 'score': 100}
2026-05-29 10:52:11 [olibot.pipeline] INFO: → BDI: action=celebrate_tracing  is_correct=True  next_topic=None
2026-05-29 10:52:11 [olibot.pipeline] INFO: → RESP (17.4s) shield=False  '¡Sí! ⭐'
2026-05-29 10:52:25 [olibot.pipeline] INFO: ← msg='He intentado trazar el trazo LINEA_H pero necesito practicar más (63%)'  student=1  session=1  topic=trazo_linea_h
2026-05-29 10:52:27 [olibot.pipeline] INFO: → NLU: intent=tracing_complete  conf=1.00  entities={'letter': 'LINEA_H', 'passed': False, 'score': 63}
2026-05-29 10:52:27 [olibot.pipeline] INFO: → BDI: action=encourage_retry_tracing  is_correct=False  next_topic=None
2026-05-29 10:52:27 [olibot.pipeline] INFO: → RESP (2.0s) shield=False  '¡Tú puedes! 💪'
2026-05-29 10:52:53 [olibot.pipeline] INFO: ← msg='He trazado el trazo LINEA_H y me ha salido bien (100% de acierto)'  student=1  session=1  topic=trazo_linea_h
2026-05-29 10:52:54 [olibot.pipeline] INFO: → NLU: intent=tracing_complete  conf=1.00  entities={'letter': 'LINEA_H', 'passed': True, 'score': 100}
2026-05-29 10:52:54 [olibot.pipeline] INFO: → BDI: action=mastery_achieved  is_correct=True  next_topic=trazo_linea_v
2026-05-29 10:52:54 [olibot.pipeline] INFO: → RESP (1.1s) shield=False  '¡Sí! ⭐'
2026-05-29 11:16:27 [olibot.pipeline] INFO: ← msg='hola'  student=1  session=2  topic=trazo_linea_v
2026-05-29 11:16:29 [olibot.pipeline] INFO: → NLU: intent=greet  conf=1.00  entities={}
2026-05-29 11:16:29 [olibot.pipeline] INFO: → BDI: action=greet_and_propose  is_correct=None  next_topic=None
2026-05-29 11:16:29 [olibot.pipeline] INFO: → RESP (2.4s) shield=False  '¡Vamos! 👋'
2026-05-29 11:22:42 [olibot.pipeline] INFO: ← msg='hola'  student=1  session=3  topic=trazo_linea_v
2026-05-29 11:22:44 [olibot.pipeline] INFO: → NLU: intent=greet  conf=1.00  entities={}
2026-05-29 11:22:44 [olibot.pipeline] INFO: → BDI: action=greet_and_propose  is_correct=None  next_topic=None
2026-05-29 11:22:44 [olibot.pipeline] INFO: → RESP (1.8s) shield=False  '¡Genial! 🤖'
2026-05-29 13:12:16 [olibot.pipeline] INFO: ← msg='hola'  student=2  session=4  topic=trazo_linea_h
2026-05-29 13:12:17 [olibot.pipeline] INFO: → NLU: intent=greet  conf=1.00  entities={}
2026-05-29 13:12:17 [olibot.pipeline] INFO: → BDI: action=greet_and_propose  is_correct=None  next_topic=None
2026-05-29 13:12:17 [olibot.pipeline] INFO: → RESP (1.7s) shield=False  '¡Vamos! 👋'
2026-05-29 13:14:25 [olibot.pipeline] INFO: ← msg='He trazado el trazo LINEA_H y me ha salido bien (100% de acierto)'  student=2  session=4  topic=trazo_linea_h
2026-05-29 13:14:39 [olibot.pipeline] INFO: → NLU: intent=tracing_complete  conf=1.00  entities={'letter': 'LINEA_H', 'passed': True, 'score': 100}
2026-05-29 13:14:39 [olibot.pipeline] INFO: → BDI: action=celebrate_tracing  is_correct=True  next_topic=None
2026-05-29 13:14:39 [olibot.pipeline] INFO: → RESP (13.8s) shield=False  '¡Sí! ⭐'
2026-05-29 13:15:46 [olibot.pipeline] INFO: ← msg='He trazado el trazo LINEA_H y me ha salido bien (100% de acierto)'  student=2  session=4  topic=trazo_linea_h
2026-05-29 13:15:47 [olibot.pipeline] INFO: → NLU: intent=tracing_complete  conf=1.00  entities={'letter': 'LINEA_H', 'passed': True, 'score': 100}
2026-05-29 13:15:47 [olibot.pipeline] INFO: → BDI: action=celebrate_tracing  is_correct=True  next_topic=None
2026-05-29 13:15:47 [olibot.pipeline] INFO: → RESP (1.3s) shield=False  '¡Muy bien! 🎉'
2026-05-29 13:16:16 [olibot.pipeline] INFO: ← msg='He trazado el trazo LINEA_H y me ha salido bien (100% de acierto)'  student=2  session=4  topic=trazo_linea_h
2026-05-29 13:16:17 [olibot.pipeline] INFO: → NLU: intent=tracing_complete  conf=1.00  entities={'letter': 'LINEA_H', 'passed': True, 'score': 100}
2026-05-29 13:16:17 [olibot.pipeline] INFO: → BDI: action=mastery_achieved  is_correct=True  next_topic=trazo_linea_v
2026-05-29 13:16:17 [olibot.pipeline] INFO: → RESP (1.2s) shield=False  '¡Muy bien! 🎉'
2026-05-29 13:24:12 [olibot.pipeline] INFO: ← msg='hola'  student=2  session=5  topic=trazo_linea_v
2026-05-29 13:24:13 [olibot.pipeline] INFO: → NLU: intent=greet  conf=1.00  entities={}
2026-05-29 13:24:13 [olibot.pipeline] INFO: → BDI: action=greet_and_propose  is_correct=None  next_topic=None
2026-05-29 13:24:13 [olibot.pipeline] INFO: → RESP (1.8s) shield=False  '¡Genial! 🤖'
2026-05-30 12:30:07 [olibot.pipeline] INFO: ← msg='hola'  student=2  session=6  topic=trazo_linea_v
2026-05-30 12:30:10 [olibot.pipeline] INFO: → NLU: intent=greet  conf=1.00  entities={}
2026-05-30 12:30:10 [olibot.pipeline] INFO: → BDI: action=greet_and_propose  is_correct=None  next_topic=None
2026-05-30 12:30:10 [olibot.pipeline] INFO: → RESP (2.8s) shield=False  '¡Genial! 🤖'
2026-05-30 12:30:46 [olibot.pipeline] INFO: ← msg='He trazado el trazo LINEA_V y me ha salido bien (100% de acierto)'  student=2  session=6  topic=trazo_linea_v
2026-05-30 12:31:13 [olibot.pipeline] INFO: → NLU: intent=tracing_complete  conf=1.00  entities={'letter': 'LINEA_V', 'passed': True, 'score': 100}
2026-05-30 12:31:13 [olibot.pipeline] INFO: → BDI: action=celebrate_tracing  is_correct=True  next_topic=None
2026-05-30 12:31:13 [olibot.pipeline] INFO: → RESP (26.7s) shield=False  '¡Bien! 🌟'
2026-05-30 12:35:04 [olibot.pipeline] INFO: ← msg='He trazado el trazo LINEA_V y me ha salido bien (100% de acierto)'  student=2  session=6  topic=trazo_linea_v
2026-05-30 12:35:05 [olibot.pipeline] INFO: → NLU: intent=tracing_complete  conf=1.00  entities={'letter': 'LINEA_V', 'passed': True, 'score': 100}
2026-05-30 12:35:05 [olibot.pipeline] INFO: → BDI: action=celebrate_tracing  is_correct=True  next_topic=None
2026-05-30 12:35:05 [olibot.pipeline] INFO: → RESP (1.5s) shield=False  '¡Sí! ⭐'
2026-05-30 13:15:28 [olibot.pipeline] INFO: ← msg='hola'  student=2  session=7  topic=trazo_linea_v
2026-05-30 13:15:30 [olibot.pipeline] INFO: → NLU: intent=greet  conf=1.00  entities={}
2026-05-30 13:15:30 [olibot.pipeline] INFO: → BDI: action=greet_and_propose  is_correct=None  next_topic=None
2026-05-30 13:15:30 [olibot.pipeline] INFO: → RESP (2.0s) shield=False  '¡Bien! 🌟'
2026-05-30 13:52:42 [olibot.pipeline] INFO: ← msg='hola'  student=2  session=8  topic=trazo_linea_v
2026-05-30 13:52:44 [olibot.pipeline] INFO: → NLU: intent=greet  conf=1.00  entities={}
2026-05-30 13:52:44 [olibot.pipeline] INFO: → BDI: action=greet_and_propose  is_correct=None  next_topic=None
2026-05-30 13:52:44 [olibot.pipeline] INFO: → RESP (1.8s) shield=False  '¡Vamos! 👋'
2026-05-30 14:03:38 [olibot.pipeline] INFO: ← msg='hola'  student=2  session=9  topic=trazo_linea_v
2026-05-30 14:03:40 [olibot.pipeline] INFO: → NLU: intent=greet  conf=1.00  entities={}
2026-05-30 14:03:40 [olibot.pipeline] INFO: → BDI: action=greet_and_propose  is_correct=None  next_topic=None
2026-05-30 14:03:40 [olibot.pipeline] INFO: → RESP (1.8s) shield=False  '¡Bien! 🌟'
2026-05-30 14:33:59 [olibot.pipeline] INFO: ← msg='hola'  student=3  session=10  topic=trazo_linea_h
2026-05-30 14:33:59 [olibot.pipeline] INFO: ← msg='hola'  student=3  session=11  topic=trazo_linea_h
2026-05-30 14:34:00 [olibot.pipeline] INFO: → NLU: intent=greet  conf=1.00  entities={}
2026-05-30 14:34:00 [olibot.pipeline] INFO: → NLU: intent=greet  conf=1.00  entities={}
2026-05-30 14:34:00 [olibot.pipeline] INFO: → BDI: action=greet_and_propose  is_correct=None  next_topic=None
2026-05-30 14:34:00 [olibot.pipeline] INFO: → RESP (1.8s) shield=False  '¡Bien! 🌟'
2026-05-30 14:34:08 [olibot.pipeline] INFO: → BDI: action=greet_and_propose  is_correct=None  next_topic=None
2026-05-30 14:34:08 [olibot.pipeline] INFO: → RESP (9.7s) shield=False  '¡Vamos! 👋'
2026-05-30 14:34:22 [olibot.pipeline] INFO: ← msg='He trazado el trazo LINEA_H y me ha salido bien (100% de acierto)'  student=3  session=11  topic=trazo_linea_h
2026-05-30 14:34:34 [olibot.pipeline] INFO: → NLU: intent=tracing_complete  conf=1.00  entities={'letter': 'LINEA_H', 'passed': True, 'score': 100}
2026-05-30 14:34:34 [olibot.pipeline] INFO: → BDI: action=celebrate_tracing  is_correct=True  next_topic=None
2026-05-30 14:34:34 [olibot.pipeline] INFO: → RESP (12.1s) shield=False  '¡Muy bien! 🎉'
2026-05-30 14:34:46 [olibot.pipeline] INFO: ← msg='He trazado el trazo LINEA_H y me ha salido bien (100% de acierto)'  student=3  session=11  topic=trazo_linea_h
2026-05-30 14:34:47 [olibot.pipeline] INFO: → NLU: intent=tracing_complete  conf=1.00  entities={'letter': 'LINEA_H', 'passed': True, 'score': 100}
2026-05-30 14:34:48 [olibot.pipeline] INFO: → BDI: action=celebrate_tracing  is_correct=True  next_topic=None
2026-05-30 14:34:48 [olibot.pipeline] INFO: → RESP (1.4s) shield=False  '¡Sí! ⭐'
2026-05-30 14:41:21 [olibot.pipeline] INFO: ← msg='hola'  student=3  session=12  topic=trazo_linea_h
2026-05-30 14:41:21 [olibot.pipeline] INFO: → NLU: intent=greet  conf=1.00  entities={}
2026-05-30 14:41:21 [olibot.pipeline] INFO: → BDI: action=greet_and_propose  is_correct=None  next_topic=None
2026-05-30 14:41:21 [olibot.pipeline] INFO: → RESP (0.5s) shield=False  '¡Bien! 🌟'
2026-05-30 14:41:45 [olibot.pipeline] INFO: ← msg='He trazado el trazo LINEA_H y me ha salido bien (100% de acierto)'  student=3  session=12  topic=trazo_linea_h
2026-05-30 14:41:46 [olibot.pipeline] INFO: → NLU: intent=tracing_complete  conf=1.00  entities={'letter': 'LINEA_H', 'passed': True, 'score': 100}
2026-05-30 14:41:46 [olibot.pipeline] INFO: → BDI: action=mastery_achieved  is_correct=True  next_topic=trazo_linea_v
2026-05-30 14:41:46 [olibot.pipeline] INFO: → RESP (1.1s) shield=False  '¡Muy bien! 🎉'
2026-05-30 14:42:19 [olibot.pipeline] INFO: ← msg='He trazado el trazo LINEA_V y me ha salido bien (100% de acierto)'  student=3  session=13  topic=trazo_linea_v
2026-05-30 14:42:20 [olibot.pipeline] INFO: → NLU: intent=tracing_complete  conf=1.00  entities={'letter': 'LINEA_V', 'passed': True, 'score': 100}
2026-05-30 14:42:21 [olibot.pipeline] INFO: → BDI: action=celebrate_tracing  is_correct=True  next_topic=None
2026-05-30 14:42:21 [olibot.pipeline] INFO: → RESP (1.2s) shield=False  '¡Sí! ⭐'
2026-06-07 16:57:26 [olibot.pipeline] INFO: ← msg='hola'  student=3  session=10  topic=trazo_linea_h
2026-06-07 16:57:34 [olibot.pipeline] INFO: → NLU: intent=greet  conf=1.00  entities={}
2026-06-07 16:57:35 [olibot.pipeline] INFO: → BDI: action=greet_and_propose  is_correct=None  next_topic=None
2026-06-07 16:57:35 [olibot.pipeline] INFO: → RESP (8.4s) shield=False  '¡Vamos! 👋'
2026-06-07 16:58:37 [olibot.pipeline] INFO: ← msg='He trazado el trazo LINEA_H y me ha salido bien (100% de acierto)'  student=3  session=10  topic=trazo_linea_h
2026-06-07 16:59:01 [olibot.pipeline] INFO: → NLU: intent=tracing_complete  conf=1.00  entities={'letter': 'LINEA_H', 'passed': True, 'score': 100}
2026-06-07 16:59:01 [olibot.pipeline] INFO: → BDI: action=celebrate_tracing  is_correct=True  next_topic=None
2026-06-07 16:59:01 [olibot.pipeline] INFO: → RESP (23.4s) shield=False  '¡Bien! 🌟'
2026-06-07 17:06:06 [olibot.pipeline] INFO: ← msg='hola'  student=3  session=11  topic=trazo_linea_h
2026-06-07 17:06:08 [olibot.pipeline] INFO: → NLU: intent=greet  conf=1.00  entities={}
2026-06-07 17:06:08 [olibot.pipeline] INFO: → BDI: action=greet_and_propose  is_correct=None  next_topic=None
2026-06-07 17:06:08 [olibot.pipeline] INFO: → RESP (2.3s) shield=False  '¡Genial! 🤖'
2026-06-07 17:10:46 [olibot.pipeline] INFO: ← msg='hola'  student=3  session=10  topic=trazo_linea_h
2026-06-07 17:10:46 [olibot.pipeline] INFO: → NLU: intent=greet  conf=1.00  entities={}
2026-06-07 17:10:46 [olibot.pipeline] INFO: → BDI: action=greet_and_propose  is_correct=None  next_topic=None
2026-06-07 17:10:46 [olibot.pipeline] INFO: → RESP (0.2s) shield=False  '¡Vamos! 👋'
2026-06-07 17:13:02 [olibot.pipeline] INFO: ← msg='He trazado el trazo LINEA_H y me ha salido bien en todos los niveles (100% de acierto)'  student=3  session=10  topic=trazo_linea_h
2026-06-07 17:13:20 [olibot.pipeline] INFO: → NLU: intent=tracing_complete  conf=1.00  entities={'letter': 'LINEA_H', 'passed': True, 'score': 100}
2026-06-07 17:13:20 [olibot.pipeline] INFO: → BDI: action=celebrate_tracing  is_correct=True  next_topic=None
2026-06-07 17:13:20 [olibot.pipeline] INFO: → RESP (17.7s) shield=False  '¡Bien! 🌟'
2026-06-07 17:13:47 [olibot.pipeline] INFO: ← msg='He trazado el trazo LINEA_H y me ha salido bien en todos los niveles (100% de acierto)'  student=3  session=10  topic=trazo_linea_h
2026-06-07 17:13:49 [olibot.pipeline] INFO: → NLU: intent=tracing_complete  conf=1.00  entities={'letter': 'LINEA_H', 'passed': True, 'score': 100}
2026-06-07 17:13:49 [olibot.pipeline] INFO: → BDI: action=celebrate_tracing  is_correct=True  next_topic=None
2026-06-07 17:13:49 [olibot.pipeline] INFO: → RESP (1.9s) shield=False  '¡Bien! 🌟'
2026-06-07 17:14:00 [olibot.pipeline] INFO: ← msg='hola'  student=3  session=11  topic=trazo_linea_h
2026-06-07 17:14:00 [olibot.pipeline] INFO: → NLU: intent=greet  conf=1.00  entities={}
2026-06-07 17:14:00 [olibot.pipeline] INFO: → BDI: action=greet_and_propose  is_correct=None  next_topic=None
2026-06-07 17:14:00 [olibot.pipeline] INFO: → RESP (0.3s) shield=False  '¡Bien! 🌟'
2026-06-07 17:17:02 [olibot.pipeline] INFO: ← msg='hola'  student=3  session=12  topic=trazo_linea_h
2026-06-07 17:17:02 [olibot.pipeline] INFO: → NLU: intent=greet  conf=1.00  entities={}
2026-06-07 17:17:02 [olibot.pipeline] INFO: → BDI: action=greet_and_propose  is_correct=None  next_topic=None
2026-06-07 17:17:02 [olibot.pipeline] INFO: → RESP (0.3s) shield=False  '¡Vamos! 👋'
2026-06-07 17:20:20 [olibot.pipeline] INFO: ← msg='hola'  student=3  session=13  topic=trazo_linea_h
2026-06-07 17:20:20 [olibot.pipeline] INFO: → NLU: intent=greet  conf=1.00  entities={}
2026-06-07 17:20:20 [olibot.pipeline] INFO: → BDI: action=greet_and_propose  is_correct=None  next_topic=None
2026-06-07 17:20:20 [olibot.pipeline] INFO: → RESP (0.3s) shield=False  '¡Vamos! 👋'
2026-06-07 17:20:52 [olibot.pipeline] INFO: ← msg='hola'  student=3  session=10  topic=trazo_linea_h
2026-06-07 17:20:52 [olibot.pipeline] INFO: → NLU: intent=greet  conf=1.00  entities={}
2026-06-07 17:20:53 [olibot.pipeline] INFO: → BDI: action=greet_and_propose  is_correct=None  next_topic=None
2026-06-07 17:20:53 [olibot.pipeline] INFO: → RESP (0.2s) shield=False  '¡Genial! 🤖'
2026-06-07 17:24:25 [olibot.pipeline] INFO: ← msg='hola'  student=3  session=11  topic=trazo_linea_h
2026-06-07 17:24:25 [olibot.pipeline] INFO: → NLU: intent=greet  conf=1.00  entities={}
2026-06-07 17:24:25 [olibot.pipeline] INFO: → BDI: action=greet_and_propose  is_correct=None  next_topic=None
2026-06-07 17:24:25 [olibot.pipeline] INFO: → RESP (0.2s) shield=False  '¡Vamos! 👋'
2026-06-07 17:25:25 [olibot.pipeline] INFO: ← msg='hola'  student=3  session=12  topic=trazo_linea_h
2026-06-07 17:25:26 [olibot.pipeline] INFO: → NLU: intent=greet  conf=1.00  entities={}
2026-06-07 17:25:26 [olibot.pipeline] INFO: → BDI: action=greet_and_propose  is_correct=None  next_topic=None
2026-06-07 17:25:26 [olibot.pipeline] INFO: → RESP (0.2s) shield=False  '¡Vamos! 👋'
2026-06-07 17:26:53 [olibot.pipeline] INFO: ← msg='hola'  student=3  session=13  topic=trazo_linea_h
2026-06-07 17:26:53 [olibot.pipeline] INFO: → NLU: intent=greet  conf=1.00  entities={}
2026-06-07 17:26:53 [olibot.pipeline] INFO: → BDI: action=greet_and_propose  is_correct=None  next_topic=None
2026-06-07 17:26:53 [olibot.pipeline] INFO: → RESP (0.2s) shield=False  '¡Vamos! 👋'
2026-06-07 17:28:01 [olibot.pipeline] INFO: ← msg='hola'  student=3  session=14  topic=trazo_linea_h
2026-06-07 17:28:02 [olibot.pipeline] INFO: → NLU: intent=greet  conf=1.00  entities={}
2026-06-07 17:28:02 [olibot.pipeline] INFO: → BDI: action=greet_and_propose  is_correct=None  next_topic=None
2026-06-07 17:28:02 [olibot.pipeline] INFO: → RESP (0.3s) shield=False  '¡Genial! 🤖'
2026-06-07 17:29:14 [olibot.pipeline] INFO: ← msg='hola'  student=3  session=15  topic=trazo_linea_h
2026-06-07 17:29:15 [olibot.pipeline] INFO: → NLU: intent=greet  conf=1.00  entities={}
2026-06-07 17:29:15 [olibot.pipeline] INFO: → BDI: action=greet_and_propose  is_correct=None  next_topic=None
2026-06-07 17:29:15 [olibot.pipeline] INFO: → RESP (0.2s) shield=False  '¡Vamos! 👋'
2026-06-07 17:30:16 [olibot.pipeline] INFO: ← msg='hola'  student=3  session=16  topic=trazo_linea_h
2026-06-07 17:30:16 [olibot.pipeline] INFO: → NLU: intent=greet  conf=1.00  entities={}
2026-06-07 17:30:16 [olibot.pipeline] INFO: → BDI: action=greet_and_propose  is_correct=None  next_topic=None
2026-06-07 17:30:16 [olibot.pipeline] INFO: → RESP (0.3s) shield=False  '¡Vamos! 👋'
2026-06-07 17:31:58 [olibot.pipeline] INFO: ← msg='hola'  student=3  session=17  topic=trazo_linea_h
2026-06-07 17:31:59 [olibot.pipeline] INFO: → NLU: intent=greet  conf=1.00  entities={}
2026-06-07 17:31:59 [olibot.pipeline] INFO: → BDI: action=greet_and_propose  is_correct=None  next_topic=None
2026-06-07 17:31:59 [olibot.pipeline] INFO: → RESP (0.3s) shield=False  '¡Vamos! 👋'
2026-06-07 17:32:28 [olibot.pipeline] INFO: ← msg='hola'  student=3  session=18  topic=trazo_linea_h
2026-06-07 17:32:29 [olibot.pipeline] INFO: → NLU: intent=greet  conf=1.00  entities={}
2026-06-07 17:32:29 [olibot.pipeline] INFO: → BDI: action=greet_and_propose  is_correct=None  next_topic=None
2026-06-07 17:32:29 [olibot.pipeline] INFO: → RESP (0.3s) shield=False  '¡Genial! 🤖'
2026-06-07 17:33:02 [olibot.pipeline] INFO: ← msg='hola'  student=3  session=19  topic=trazo_linea_h
2026-06-07 17:33:03 [olibot.pipeline] INFO: → NLU: intent=greet  conf=1.00  entities={}
2026-06-07 17:33:03 [olibot.pipeline] INFO: → BDI: action=greet_and_propose  is_correct=None  next_topic=None
2026-06-07 17:33:03 [olibot.pipeline] INFO: → RESP (0.2s) shield=False  '¡Vamos! 👋'
2026-06-07 17:33:15 [olibot.pipeline] INFO: ← msg='hola'  student=3  session=20  topic=trazo_linea_h
2026-06-07 17:33:16 [olibot.pipeline] INFO: → NLU: intent=greet  conf=1.00  entities={}
2026-06-07 17:33:16 [olibot.pipeline] INFO: → BDI: action=greet_and_propose  is_correct=None  next_topic=None
2026-06-07 17:33:16 [olibot.pipeline] INFO: → RESP (0.2s) shield=False  '¡Bien! 🌟'
2026-06-07 17:33:28 [olibot.pipeline] INFO: ← msg='hola'  student=3  session=21  topic=trazo_linea_h
2026-06-07 17:33:28 [olibot.pipeline] INFO: → NLU: intent=greet  conf=1.00  entities={}
2026-06-07 17:33:28 [olibot.pipeline] INFO: → BDI: action=greet_and_propose  is_correct=None  next_topic=None
2026-06-07 17:33:28 [olibot.pipeline] INFO: → RESP (0.2s) shield=False  '¡Vamos! 👋'
2026-06-07 17:33:40 [olibot.pipeline] INFO: ← msg='hola'  student=3  session=22  topic=trazo_linea_h
2026-06-07 17:33:40 [olibot.pipeline] INFO: ← msg='hola'  student=3  session=23  topic=trazo_linea_h
2026-06-07 17:33:41 [olibot.pipeline] INFO: → NLU: intent=greet  conf=1.00  entities={}
2026-06-07 17:33:41 [olibot.pipeline] INFO: → NLU: intent=greet  conf=1.00  entities={}
2026-06-07 17:33:41 [olibot.pipeline] INFO: → BDI: action=greet_and_propose  is_correct=None  next_topic=None
2026-06-07 17:33:41 [olibot.pipeline] INFO: → RESP (0.4s) shield=False  '¡Genial! 🤖'
2026-06-07 17:33:49 [olibot.pipeline] INFO: → BDI: action=greet_and_propose  is_correct=None  next_topic=None
2026-06-07 17:33:49 [olibot.pipeline] INFO: → RESP (8.4s) shield=False  '¡Genial! 🤖'
2026-06-07 17:35:49 [olibot.pipeline] INFO: ← msg='hola'  student=3  session=24  topic=trazo_linea_h
2026-06-07 17:35:49 [olibot.pipeline] INFO: → NLU: intent=greet  conf=1.00  entities={}
2026-06-07 17:35:49 [olibot.pipeline] INFO: → BDI: action=greet_and_propose  is_correct=None  next_topic=None
2026-06-07 17:35:49 [olibot.pipeline] INFO: → RESP (0.3s) shield=False  '¡Vamos! 👋'
2026-06-07 17:36:16 [olibot.pipeline] INFO: ← msg='hola'  student=3  session=25  topic=trazo_linea_h
2026-06-07 17:36:16 [olibot.pipeline] INFO: → NLU: intent=greet  conf=1.00  entities={}
2026-06-07 17:36:16 [olibot.pipeline] INFO: → BDI: action=greet_and_propose  is_correct=None  next_topic=None
2026-06-07 17:36:16 [olibot.pipeline] INFO: → RESP (0.2s) shield=False  '¡Bien! 🌟'
2026-06-07 17:45:22 [olibot.pipeline] INFO: ← msg='hola'  student=3  session=26  topic=trazo_linea_h
2026-06-07 17:45:28 [olibot.pipeline] INFO: → NLU: intent=greet  conf=1.00  entities={}
2026-06-07 17:45:28 [olibot.pipeline] INFO: → BDI: action=greet_and_propose  is_correct=None  next_topic=None
2026-06-07 17:45:28 [olibot.pipeline] INFO: → RESP (6.3s) shield=False  '¡Vamos! 👋'
2026-06-07 17:45:58 [olibot.pipeline] INFO: ← msg='hola'  student=3  session=10  topic=trazo_linea_h
2026-06-07 17:45:59 [olibot.pipeline] INFO: → NLU: intent=greet  conf=1.00  entities={}
2026-06-07 17:45:59 [olibot.pipeline] INFO: → BDI: action=greet_and_propose  is_correct=None  next_topic=None
2026-06-07 17:45:59 [olibot.pipeline] INFO: → RESP (0.2s) shield=False  '¡Bien! 🌟'
2026-06-07 17:50:14 [olibot.pipeline] INFO: ← msg='hola'  student=4  session=11  topic=trazo_linea_h
2026-06-07 17:50:14 [olibot.pipeline] INFO: → NLU: intent=greet  conf=1.00  entities={}
2026-06-07 17:50:14 [olibot.pipeline] INFO: → BDI: action=greet_and_propose  is_correct=None  next_topic=None
2026-06-07 17:50:14 [olibot.pipeline] INFO: → RESP (0.2s) shield=False  '¡Muy bien! Hoy aprenderemos cosas nuevas 🎉'
2026-06-07 17:51:05 [olibot.pipeline] INFO: ← msg='hola'  student=5  session=12  topic=trazo_linea_h
2026-06-07 17:51:05 [olibot.pipeline] INFO: ← msg='hola'  student=5  session=13  topic=trazo_linea_h
2026-06-07 17:51:06 [olibot.pipeline] INFO: → NLU: intent=greet  conf=1.00  entities={}
2026-06-07 17:51:06 [olibot.pipeline] INFO: → NLU: intent=greet  conf=1.00  entities={}
2026-06-07 17:51:06 [olibot.pipeline] INFO: → BDI: action=greet_and_propose  is_correct=None  next_topic=None
2026-06-07 17:51:06 [olibot.pipeline] INFO: → RESP (0.4s) shield=False  '¡Soy OLIBOT! 🤖 ¿Empezamos? 🌟'
2026-06-07 17:51:14 [olibot.pipeline] INFO: → BDI: action=placement_test_start  is_correct=None  next_topic=None
2026-06-07 17:51:14 [olibot.pipeline] INFO: → RESP (8.3s) shield=False  '¡Vamos a practicar juntos! 🌈'
2026-06-07 17:55:35 [olibot.pipeline] INFO: ← msg='hola'  student=5  session=14  topic=trazo_linea_h
2026-06-07 17:55:35 [olibot.pipeline] INFO: → NLU: intent=greet  conf=1.00  entities={}
2026-06-07 17:55:35 [olibot.pipeline] INFO: → BDI: action=greet_and_propose  is_correct=None  next_topic=None
2026-06-07 17:55:35 [olibot.pipeline] INFO: → RESP (0.3s) shield=False  '¡Venga, vamos a aprender! 🚀'
2026-06-07 17:56:41 [olibot.pipeline] INFO: ← msg='hola'  student=5  session=15  topic=trazo_linea_h
2026-06-07 17:56:41 [olibot.pipeline] INFO: → NLU: intent=greet  conf=1.00  entities={}
2026-06-07 17:56:41 [olibot.pipeline] INFO: → BDI: action=greet_and_propose  is_correct=None  next_topic=None
2026-06-07 17:56:41 [olibot.pipeline] INFO: → RESP (0.3s) shield=False  '¡Vamos a practicar juntos! 🌈'
2026-06-07 17:57:01 [olibot.pipeline] INFO: ← msg='hola'  student=3  session=11  topic=trazo_linea_h
2026-06-07 17:57:01 [olibot.pipeline] INFO: → NLU: intent=greet  conf=1.00  entities={}
2026-06-07 17:57:01 [olibot.pipeline] INFO: → BDI: action=greet_and_propose  is_correct=None  next_topic=None
2026-06-07 17:57:01 [olibot.pipeline] INFO: → RESP (0.2s) shield=False  '¡Bien! 🌟'
2026-06-07 17:57:12 [olibot.pipeline] INFO: ← msg='hola'  student=3  session=11  topic=trazo_linea_h
2026-06-07 17:57:12 [olibot.pipeline] INFO: → NLU: intent=greet  conf=1.00  entities={}
2026-06-07 17:57:12 [olibot.pipeline] INFO: → BDI: action=greet_and_propose  is_correct=None  next_topic=None
2026-06-07 17:57:12 [olibot.pipeline] INFO: → RESP (0.2s) shield=False  '¡Bien! 🌟'
2026-06-07 17:57:31 [olibot.pipeline] INFO: ← msg='hola'  student=4  session=12  topic=trazo_linea_h
2026-06-07 17:57:31 [olibot.pipeline] INFO: → NLU: intent=greet  conf=1.00  entities={}
2026-06-07 17:57:31 [olibot.pipeline] INFO: → BDI: action=greet_and_propose  is_correct=None  next_topic=None
2026-06-07 17:57:31 [olibot.pipeline] INFO: → RESP (0.2s) shield=False  '¡Soy OLIBOT! 🤖 ¿Empezamos? 🌟'
2026-06-07 17:59:41 [olibot.pipeline] INFO: ← msg='He trazado el trazo LINEA_H y me ha salido bien en todos los niveles (100% de acierto)'  student=4  session=12  topic=trazo_linea_h
2026-06-07 17:59:56 [olibot.pipeline] INFO: → NLU: intent=tracing_complete  conf=1.00  entities={'letter': 'LINEA_H', 'passed': True, 'score': 100}
2026-06-07 17:59:57 [olibot.pipeline] INFO: → BDI: action=mastery_achieved  is_correct=True  next_topic=trazo_linea_v
2026-06-07 17:59:57 [olibot.pipeline] INFO: → RESP (15.6s) shield=False  '¡Has trazado muy bien! ¿Lo hacemos otra vez? 🌟'
2026-06-07 18:00:58 [olibot.pipeline] INFO: ← msg='hola'  student=5  session=14  topic=trazo_linea_h
2026-06-07 18:00:58 [olibot.pipeline] INFO: → NLU: intent=greet  conf=1.00  entities={}
2026-06-07 18:00:59 [olibot.pipeline] INFO: → BDI: action=greet_and_propose  is_correct=None  next_topic=None
2026-06-07 18:00:59 [olibot.pipeline] INFO: → RESP (0.4s) shield=False  '¡Muy bien! Hoy aprenderemos cosas nuevas 🎉'
2026-06-07 18:03:45 [olibot.pipeline] INFO: ← msg='hola'  student=5  session=15  topic=trazo_linea_h
2026-06-07 18:03:45 [olibot.pipeline] INFO: → NLU: intent=greet  conf=1.00  entities={}
2026-06-07 18:03:45 [olibot.pipeline] INFO: → BDI: action=greet_and_propose  is_correct=None  next_topic=None
2026-06-07 18:03:45 [olibot.pipeline] INFO: → RESP (0.3s) shield=False  '¡Vamos allá! Soy OLIBOT, tu robot tutor. ¿Empezamos? 🚀'
2026-06-07 18:07:22 [olibot.pipeline] INFO: ← msg='hola'  student=5  session=16  topic=numero_1
2026-06-07 18:07:23 [olibot.pipeline] INFO: → NLU: intent=greet  conf=1.00  entities={}
2026-06-07 18:07:23 [olibot.pipeline] INFO: → BDI: action=greet_and_propose  is_correct=None  next_topic=None
2026-06-07 18:07:23 [olibot.pipeline] INFO: → RESP (0.3s) shield=False  '¡Vamos allá! Soy OLIBOT, tu robot tutor. ¿Empezamos? 🚀'
